/*
Navicat MySQL Data Transfer

Source Server         : localhost
Source Server Version : 50616
Source Host           : localhost:3306
Source Database       : news

Target Server Type    : MYSQL
Target Server Version : 50616
File Encoding         : 65001

Date: 2015-05-08 07:54:27
*/

SET FOREIGN_KEY_CHECKS=0;

-- ----------------------------
-- Table structure for `t_admin`
-- ----------------------------
DROP TABLE IF EXISTS `t_admin`;
CREATE TABLE `t_admin` (
  `adminName` varchar(20) NOT NULL,
  `adminPass` varchar(20) NOT NULL,
  PRIMARY KEY (`adminName`)
) ENGINE=InnoDB DEFAULT CHARSET=utf8;

-- ----------------------------
-- Records of t_admin
-- ----------------------------
INSERT INTO `t_admin` VALUES ('phn', '123456');

-- ----------------------------
-- Table structure for `t_category`
-- ----------------------------
DROP TABLE IF EXISTS `t_category`;
CREATE TABLE `t_category` (
  `id` smallint(2) NOT NULL AUTO_INCREMENT,
  `categoryName` varchar(20) NOT NULL,
  `categoryPriority` smallint(1) NOT NULL,
  PRIMARY KEY (`id`)
) ENGINE=InnoDB AUTO_INCREMENT=6 DEFAULT CHARSET=utf8;

-- ----------------------------
-- Records of t_category
-- ----------------------------
INSERT INTO `t_category` VALUES ('1', '政治新闻', '1');
INSERT INTO `t_category` VALUES ('2', '娱乐新闻', '2');
INSERT INTO `t_category` VALUES ('3', '体育新闻', '3');
INSERT INTO `t_category` VALUES ('4', '社会新闻', '2');
INSERT INTO `t_category` VALUES ('5', '经济新闻', '2');

-- ----------------------------
-- Table structure for `t_comment`
-- ----------------------------
DROP TABLE IF EXISTS `t_comment`;
CREATE TABLE `t_comment` (
  `id` int(8) NOT NULL AUTO_INCREMENT,
  `commentIP` varchar(20) NOT NULL,
  `commentAddress` varchar(20) NOT NULL,
  `commentContent` varchar(255) NOT NULL,
  `commentPublishTime` datetime NOT NULL,
  `commentNewsId` int(10) NOT NULL,
  PRIMARY KEY (`id`),
  KEY `cnewsid` (`commentNewsId`),
  CONSTRAINT `cnewsid` FOREIGN KEY (`commentNewsId`) REFERENCES `t_news` (`id`)
) ENGINE=InnoDB AUTO_INCREMENT=3 DEFAULT CHARSET=utf8;

-- ----------------------------
-- Records of t_comment
-- ----------------------------
INSERT INTO `t_comment` VALUES ('1', '0:0:0:0:0:0:0:1', '0:0:0:0:0:0:0:1', '胜多负少', '2015-05-05 10:52:23', '22');
INSERT INTO `t_comment` VALUES ('2', '0:0:0:0:0:0:0:1', '0:0:0:0:0:0:0:1', '算法', '2015-05-07 23:11:09', '6');

-- ----------------------------
-- Table structure for `t_news`
-- ----------------------------
DROP TABLE IF EXISTS `t_news`;
CREATE TABLE `t_news` (
  `id` int(10) NOT NULL AUTO_INCREMENT,
  `newsTitle` varchar(30) NOT NULL,
  `newsAuthor` varchar(20) NOT NULL,
  `newsAuthorSite` varchar(30) NOT NULL,
  `newsPublishTime` datetime NOT NULL,
  `newsContent` text NOT NULL,
  `newsIsPicture` smallint(1) NOT NULL,
  `newsPictureSite` varchar(100) DEFAULT NULL,
  `newsIsTopLine` smallint(1) NOT NULL,
  `newsIsHot` smallint(1) NOT NULL,
  `newsHitCount` int(6) NOT NULL,
  `newsCategoryId` smallint(2) NOT NULL,
  `newsCommentCount` int(4) NOT NULL,
  PRIMARY KEY (`id`),
  KEY `ncategoryid` (`newsCategoryId`),
  CONSTRAINT `ncategoryid` FOREIGN KEY (`newsCategoryId`) REFERENCES `t_category` (`id`)
) ENGINE=InnoDB AUTO_INCREMENT=23 DEFAULT CHARSET=utf8;

-- ----------------------------
-- Records of t_news
-- ----------------------------
INSERT INTO `t_news` VALUES ('1', '李克强回信清华创客：将出更多积极政策', '新浪网', 'http://news.sina.com.cn/', '2015-05-05 10:02:23', '<div class=\"img_wrapper\"><img src=\"http://i0.sinaimg.cn/dy/c/2015-05-05/U11283P1T1D31792927F21DT20150505030416.jpg\" alt=\"李克强回信。清华大学新闻中心\" title=\"李克强回信。清华大学新闻中心\"/><span class=\"img_descr\">李克强回信。清华大学新闻中心</span></div><p>　　新京报讯 (记者许路阳) 清华大学学生“创客”们收到一份特殊的五四青年节礼物，总理给他们回信了。</p><p>　　昨日下午3时许，在清华学生创客的“大本营”，基础工业训练中心，清华学生创客空间协会创始人毕滢等学生代表，拿到了总理的回信。在此前的3月，7名清华学生创客曾致信李克强。</p><p>　　李克强勉励学生创客，希望他们不断丰富创客文化，把创客种子在更大范围播撒开来。政府也将会出台更多积极政策，为“众创空间”清障搭台。</p><p>　　<strong>写信因看到总理“撑腰”</strong></p><p>　　创客的概念，对李克强而言并不陌生。今年1月4日，他曾考察深圳柴火创客空间，并欣然接受成为柴火创客荣誉会员的邀请，“好，我再为你们添把柴！”</p><p>　　1月28日，李克强又在主持国务院常务会议时，确定支持发展“众创空间”的政策措施，为创业创新搭建新平台。“创客”也走入了今年政府工作报告。</p><p>　　“我们觉得是一个比较好的给总理写信的契机。”现为清华大学2013级精密仪器系硕士生的毕滢回忆，今年3月2日，他用数小时便写好信件初稿，后经讨论、修改完善，递交给学校。</p><p>　　这封信共有7名清华学生创客空间协会的学生成员共同签名，毕滢说，一方面，大家希望通过写信表达对总理关注创客的激动心情，另一方面，也是希望告诉总理，他们之前做过什么，和对未来发展的希望。</p><p>　　<strong>回信称应鼓励创新创业</strong></p><p>　　在这封410余字的回信中，李克强希望，当代大学生要有钻研学问的精进态度，与此同时，也应鼓励勇于打破常规创新创业的开拓精神。</p><p>　　李克强说，政府将会出台更多积极政策，为“众创空间”清障搭台，为创客们施展才华、实现人生价值提供更加广阔的舞台。</p><p>　　<strong>总理回应学生参观之邀</strong></p><p>　　对于毕滢等人在信中提到的，等清华新建大学生创客空间全面建成之日，总理能来看看的请求，李克强回复说，“有机会我会去清华大学看望你们的创客团队。向老师和同学们问好！”</p><p>　　据清华大学教务处副处长孙宏斌介绍，清华今年落成的李兆基科技大楼内，将设置全国乃至全球最大的大学创客空间，校方希望将其打造成为像图书馆、食堂一样，学生“离不开”的地方。</p><p>　　<strong>■词解</strong></p><p>　　创客，一词来源于英文单词Hacker/Maker，是指努力把各种创意转变为现实的人，“他们是梦想的实现者，是DIY文化的一种延伸。”</p><p>　　<strong>■回信</strong></p><p>　　清华大学的学生创客们：</p><p>　　“五四”青年节前，收到你们的来信，被你们的活力所感染，更为你们的创新精神所打动。创客将奇思妙想转化为现实产品，这与刻在你们校园日晷上\r\n“行胜于言”的校风相得益彰。毫无疑问，学习是学生第一位的任务。我希望当代大学生要有钻研学问的精进态度，学好基础知识，提高基础本领，筑实基础研究，\r\n在学习中不仅要向书本学习，也要向实践学习。与此同时，也应鼓励勇于打破常规创新创业的开拓精神。</p><p>　　“大众创业、万众创新”，核心在于激发人的创造力，尤其在于激发青年的创造力。青年愿创业，社会才生机盎然；青年争创新，国家就朝气蓬勃。</p><div style=\"display: block; width: 200px; height: 300px; margin: 10px 20px 10px 0px; float: left; overflow: hidden; clear: both; padding: 4px; border: 1px solid rgb(205, 205, 205);\" class=\"otherContent_01\" id=\"ad_44086\"><ins style=\"display: block; overflow: hidden; text-decoration: none;\" data-ad-offset-top=\"0\" data-ad-offset-left=\"0\" class=\"sinaads sinaads-done\" id=\"Sinads49447\" data-ad-pdps=\"PDPS000000044086\" data-ad-status=\"done\"><ins style=\"text-decoration:none;margin:0px auto;display:block;overflow:hidden;width:200px;height:300px;\"></ins></ins></div><p>　　我很欣赏你们信中所说的，在创客的时代，创造不再是少数人的专业，而是多数人的机会。政府将会出台更多的积极政策，为“众创空间”清障搭台，为创客们施展才华、实现人生价值提供更加广阔的舞台。</p><p>　　希望你们不断丰富创客文化，把创客种子在更大范围播撒开来。有机会我会去清华大学看望你们的创客团队。向老师和同学们问好！</p><p>　　李克强</p><p>　　2015年5月4日</p><p>　　<strong>■声音</strong></p><p>　　总理信中提到希望我们“把创客的种子在更大范围播撒开来”，这对于我们来说更像是一种被赋予了的使命。我们必将继续努力在清华同学当中，在全国高校当中，甚至在中小学生当中将创客的文化推广开来，让更多的人了解创客，成为创客。</p><p>　　——毕滢(清华大学2013级精密仪器系硕士生，学生创客空间协会创始人)</p><p align=\"right\">(原标题：总理回信创客：将出更多积极政策)</p><p class=\"article-editor\">编辑：SN182</p><p><br/></p>', '0', null, '0', '0', '2', '1', '0');
INSERT INTO `t_news` VALUES ('2', '习近平会就两岸关系提5点主张', '新浪网', 'http://news.sina.com.cn/', '2015-05-05 10:03:28', '<p>&nbsp; &nbsp; &nbsp; &nbsp; &nbsp; &nbsp; &nbsp;\r\n\r\n &nbsp; &nbsp; &nbsp; &nbsp; &nbsp; &nbsp; &nbsp; &nbsp; &nbsp; &nbsp; &nbsp; &nbsp; &nbsp; &nbsp; &nbsp; &nbsp; &nbsp; &nbsp; &nbsp;\r\n\r\n &nbsp; &nbsp; &nbsp; &nbsp; &nbsp; &nbsp; &nbsp; &nbsp; &nbsp; &nbsp; &nbsp; &nbsp; &nbsp; &nbsp; &nbsp; &nbsp; &nbsp;\r\n\r\n\r\n &nbsp;&nbsp; <br/></p><div class=\"img_wrapper\"><img src=\"http://i2.sinaimg.cn/dy/c/2015-05-05/1430764853_dKGnsJ.jpg\" alt=\"昨日，中共中央总书记习近平在北京人民大会堂会见中国国民党主席朱立伦。新华社记者 兰红光 摄\" title=\"昨日，中共中央总书记习近平在北京人民大会堂会见中国国民党主席朱立伦。新华社记者 兰红光 摄\"/><span class=\"img_descr\">昨日，中共中央总书记习近平在北京人民大会堂会见中国国民党主席朱立伦。新华社记者 兰红光 摄</span></div><p>　　据新华社电 中共中央总书记习近平4日上午在北京会见了朱立伦主席率领的中国国民党大陆访问团。习近平在会见中就携手建设两岸命运共同体，提出5点主张。</p><p>　　<strong>“两党给两岸同胞带来实实在在的好处”</strong></p><p>　　习近平对朱立伦率团来大陆访问表示欢迎。他表示，10年前，在两岸关系剧烈动荡之时，国共两党为了两岸民众共同命运，冲破历史藩篱，实现和解，\r\n共商维护台海和平之道。10年来，国共两党和两岸同胞共同努力，开辟了两岸关系和平发展的光明前景，给两岸同胞带来了实实在在的好处，得到了两岸同胞的广\r\n泛支持和认同，也受到了国际社会的普遍肯定和赞扬。</p><p>　　习近平强调，两岸关系和平发展成果来之不易，经验弥足珍贵。概括地说，就是要坚持走两岸关系和平发展道路，坚持“九二共识”、反对“台独”的政治基础，坚持开展两岸协商谈判、推进各领域交流合作，坚持为两岸民众谋福祉。</p><p>　　习近平指出，两岸同胞同根同源、同文同种，历来是命运与共的。在经济全球化深入发展、两岸联系日益密切的今天，两岸是割舍不断的命运共同体。面\r\n对新形势，国共两党和两岸双方要坚定信心、增进互信，维护两岸关系和平发展进程，携手建设两岸命运共同体。习近平就此提出5点主张。</p><p>　　<strong>“让两岸关系发展成果更多惠及基层民众”</strong></p><p>　　朱立伦表示，1992年在海协海基两会共同努力下，达成两岸同属一中的“九二共识”，在此基础上，双方进行多次会谈，把两岸对抗纷扰转变为合作交流。2005年后，国民党把“九二共识”纳入党纲。两岸经贸文化论坛形成的建议也逐步落实到交流合作中。</p><p>　　朱立伦表示，海峡两岸同为中华民族，是命运共同体。两岸和平发展已取得很多成果，希望在“九二共识”基础上，两岸在区域和平、环保、经济整合等方面携手合作，让两岸关系发展成果更多惠及基层民众、中小企业和青年群体，持续推动两岸关系和平发展。</p><p>　　<strong>【建设两岸命运共同体5点主张】</strong></p><p>　　<strong>1、反对损害两岸关系政治基础言行</strong></p><p>　　坚持“九二共识”、反对“台独”是两岸关系和平发展的政治基础，其核心是认同大陆和台湾同属一个中国。否认“九二共识”，挑战两岸同属一个中国\r\n的法理基础，搞“一边一国”、“一中一台”，就会损害民族、国家、人民的根本利益，动摇两岸关系发展的基石，就不可能有和平，也不可能有发展。我们始终把\r\n坚持“九二共识”作为同台湾当局和各政党开展交往的基础。国共两党应坚持对两岸关系的正确认识，旗帜鲜明反对一切损害两岸关系政治基础的言行，绝不能让来\r\n之不易的台海和平和两岸关系和平发展成果得而复失。为此，双方可以积极探讨构建维护两岸关系和平发展的制度框架。</p><p>　　<strong>2、努力扩大两岸民众受益面和获得感</strong></p><p>　　深化两岸利益融合，共创两岸互利双赢，增进两岸同胞福祉，是推动两岸关系和平发展的宗旨。要充分考虑两岸双方社会的心理感受，努力扩大两岸民众\r\n的受益面和获得感，尤其要为两岸基层民众、中小企业、农渔民合作发展、青年创业就业提供更多机会，让两岸同胞参与越多受益越多。我们愿意首先同台湾同胞分\r\n享发展机遇，愿意优先对台湾开放，并且对台湾同胞开放的力度要更大一些。我们将继续维护在大陆投资的台资企业的合法权益，为他们的发展创造更好条件。在台\r\n湾参与区域经济合作问题上，两岸可以加强研究、务实探讨，在不违背一个中国原则的情况下作出妥善安排。台湾方面表达了加入亚洲基础设施投资银行的意愿，我\r\n们持欢迎态度。</p><p>　　<strong>3、实施进一步便利两岸同胞来往措施</strong></p><p>　　两岸交流，归根到底是人与人的交流，最重要的是心灵沟通。两岸同胞要以心相交、尊重差异、增进理解，不断增强民族认同、文化认同、国家认同。中\r\n华文化是两岸同胞共同的精神财富，也是两岸同胞血脉相连的精神纽带。两岸同胞要加强文化交流，发挥各自优势，共同传承中华文化优秀传统，建设共同精神家\r\n园，实现心灵契合。两岸双方要继续创造条件，扩大同胞直接交往。我们将适时实施进一步便利两岸同胞来往的措施。青年是民族的未来，也是两岸的未来。我们要\r\n更多关注两岸青年成长，为他们提供更多机会和舞台，让他们多交流多交心，成为共同打拼的好朋友好伙伴。</p><p>　　<strong>4、国共要勇于面对两岸政治分歧和难题</strong></p><p>　　国共两党和两岸双方要着眼大局，本着相互尊重的精神，不仅要求同存异，更应努力聚同化异，不断增进政治互信。对两岸间长期存在的政治分歧和难\r\n题，国共两党都要勇于面对，汇聚两岸同胞智慧，积极探索解决之道。双方可以在一个中国原则下进行平等协商，作出合情合理安排。关键是要“虑善以动，动惟厥\r\n时”。只要秉持同胞情、同理心，两岸一定能找到解决问题的办法来。</p><p>　　<strong>5、中华民族复兴要两岸同胞一起来干</strong></p><p>　　中华民族伟大复兴要大家一起来干。只要两岸同胞、全世界的中国人团结起来，心往一处想，劲往一处使，实现中华民族伟大复兴必定是指日可待的。我\r\n们真诚希望，国共两党秉持民族大义，承担起为中华民族谋复兴、为两岸人民谋福祉、为台海地区谋和平的神圣责任，团结两岸各党各派和各界人士，努力开创两岸\r\n关系新未来，共同致力于实现中华民族伟大复兴，让中华民族巍然屹立于世界先进民族之林。</p><p>　　<strong>■纵深</strong></p><p>　　<strong>国共领导人如何会晤？</strong></p><p>　　昨日举行的“习朱会”是10年来国共两党最高领导人的第五次会晤。两党领导人如何会晤？在哪里会晤？谈些什么？除了会晤还有哪些互动？</p><p>　　<strong>大会堂福建厅是会见热门地</strong></p><p>　　2005年4月29日，时任中共中央总书记胡锦涛与时任中国国民党主席连战举行历史性会面。</p><p>　　在之后10年中，国共两党领导人会晤不断，其中最高领导人会面有4次，2008年-2009年，时任国民党主席吴伯雄曾三次与胡锦涛总书记会面。</p><p>　　除此之外，国民党荣誉主席与中共中央总书记的会面更加频繁，连战曾以国民党荣誉主席身份对大陆进行10多次访问，其中包括去年与习近平总书记的会面。</p><p>　　此次习近平在人民大会堂福建厅与朱立伦会晤，这是国共领导人会面热门地点之一，2005年，胡锦涛首次会面连战的地点就是福建厅。福建不仅与台湾一衣带水，而且是连战祖籍所在。</p><div style=\"display: block; width: 200px; height: 300px; margin: 10px 20px 10px 0px; float: left; overflow: hidden; clear: both; padding: 4px; border: 1px solid rgb(205, 205, 205);\" class=\"otherContent_01\" id=\"ad_44086\"><ins style=\"display: block; overflow: hidden; text-decoration: none;\" data-ad-offset-top=\"0\" data-ad-offset-left=\"0\" class=\"sinaads sinaads-done\" id=\"Sinads49447\" data-ad-pdps=\"PDPS000000044086\" data-ad-status=\"done\"><ins style=\"text-decoration:none;margin:0px auto;display:block;overflow:hidden;width:200px;height:300px;\"></ins></ins></div><p>　　除了人民大会堂，习近平还曾与国民党荣誉主席连战在钓鱼台国宾馆举行会晤。</p><p>　　<strong>会谈之外会聊些轻松话题</strong></p><p>　　正式会谈之外，两党领导人还会聊些轻松的话题，据中新网报道，2013年，习近平总书记与国民党荣誉主席吴伯雄会面时，习近平提到他在福建时就\r\n认识吴伯雄，称吴伯雄是“老朋友”。2000年世界客属恳亲大会在福建举行，时任国民党副主席吴伯雄来大陆与会，那时习近平正在福建主持工作。</p><p>　　会谈之余，两党领导人还会坐在一起吃个饭。连战夫人连方瑀在她的文章《随战哥同走“和平之旅”》中介绍了胡锦涛总书记在瀛台宴请连战的故事，连\r\n夫人说那场宴会“像一场家庭聚会”。钓鱼台国宾馆也是宴请地点之一，据新华网消息，2014年，习近平总书记曾在钓鱼台国宾馆养源斋设家宴款待中国国民党\r\n荣誉主席连战伉俪。</p><p>　　新京报记者 王晓枫</p><p><br/></p>', '0', null, '0', '0', '5', '1', '0');
INSERT INTO `t_news` VALUES ('3', '亚冠赔率：恒大复仇送西悉尼出局 国安再恐韩', '新浪网', 'http://news.sina.com.cn/', '2015-05-05 10:05:42', '<div class=\"img_wrapper\" align=\"center\"><p><img alt=\"高拉特首回合战西悉尼表现神勇\" src=\"http://i3.sinaimg.cn/ty/l/2015-05-05/U9891P6T12D7597634F44DT20150505073216.jpg\"/><span class=\"img_descr\"><br/></span></p><p><span class=\"img_descr\">高拉特首回合战西悉尼表现神勇</span></p></div><p>　　新浪体育讯　北京时间2015年5月5日，恒大和国安将一主一客分别出战亚冠小组赛最后一轮。虽然两队同积10分，但是境况却截然不同。恒大已\r\n经提前一轮锁定小组第一出线，本轮的比赛对于恒大来说已经无关紧要，但从目前赔率来看恒大获胜希望依然较大。国安方面，客战水原恐遭遇亚冠两连败。</p><p>　　<strong>恒大胜利收官送别西悉尼</strong></p><p>　　时隔251天，恒大在主场又迎来了西悉尼漫步者。去年西悉尼可以说踩着恒大登上了亚洲之巅，至此两队算是结了梁子。今年卫冕冠军想要小组突围就\r\n必须本轮战胜已出线无忧的恒大，若真出现这种情况，恐怕是不能让人接受的。足球不是送温暖的运动，此番再战，恒大理应全力以赴，报去年亚冠的一箭之仇。</p><p>　　某博彩公司在赛前开出1.67 3.60 4.20的赔率组合。初看赔率恒大为优势一方，但对比过往主场对战澳超球队的赔率情况，此次对阵优势并不明显，恒大获胜的赔率要比以往最高值还高出0.27个点。</p><table bgcolor=\"#000000\" border=\"0\" cellpadding=\"0\" cellspacing=\"0\"><tbody><tr><td><table border=\"0\" cellpadding=\"1\" cellspacing=\"1\" width=\"580\"><tbody><tr bgcolor=\"#d1eaf2\"><td colspan=\"5\" align=\"center\">亚冠中广州恒大<a class=\"wt_article_link\" href=\"http://weibo.com/gzevergrandefc?zw=sports\" target=\"_blank\">[微博]</a>主场对阵澳洲球队战绩</td></tr><tr bgcolor=\"#d1eaf2\"><td align=\"center\">年份</td><td align=\"center\">主队</td><td align=\"center\">比分</td><td align=\"center\">客队</td><td align=\"center\">赔率(初赔)</td></tr><tr bgcolor=\"#ffffff\"><td align=\"center\">2013年5月22日</td><td align=\"center\">广州恒大</td><td align=\"center\">3:0</td><td align=\"center\">中央海岸水手</td><td align=\"center\"><span style=\"color: #ff0000;\">1.25</span> 5.00 9.00</td></tr><tr bgcolor=\"#ffffff\"><td align=\"center\">2014年2月26日</td><td align=\"center\">广州恒大</td><td align=\"center\">4:2</td><td align=\"center\">墨尔本胜利</td><td align=\"center\"><span style=\"color: #ff0000;\">1.40</span> 4.50 8.00</td></tr><tr bgcolor=\"#ffffff\"><td align=\"center\">2014年8月27日</td><td align=\"center\">广州恒大</td><td align=\"center\">2:1</td><td align=\"center\">西悉尼漫步者</td><td align=\"center\"><span style=\"color: #ff0000;\">1.36</span> 4.75 8.50</td></tr><tr bgcolor=\"#ffffff\"><td align=\"center\">2015年5月05日</td><td align=\"center\">广州恒大</td><td align=\"center\">？</td><td align=\"center\">西悉尼漫步者</td><td align=\"center\"><span style=\"color: #ff0000;\">1.67</span> 3.60 4.20</td></tr></tbody></table></td></tr></tbody></table><p>　　今年澳超联赛西悉尼漫步者最终排名倒数第二，这足以证明其实力实际上比去年要逊色不少。然而<strong>博彩公司本次却如此低看恒大，更多的是考虑到西悉尼的战意以及恒大已出线的因素。即便恒大有所轮换，但瘦死的骆驼比马大，实力依然在客队之上。届时恒大只要做好自己，赢球复仇希望很大。</strong></p><p>　　<strong>国安伤兵满营恐难有作为 </strong></p><p>　　因为伤病的影响，国安已经没有了赛季初的强势，亚冠更是在三连胜后一平一负。本轮远赴韩国挑战水原三星，稍有不慎还可能会被淘汰出局。纵观往\r\n绩，国安对韩国球队毫无优势，韩国更是彻彻底底的伤心地。自亚冠2003年改制以来，国安和韩国球队交战14场，仅仅取得2胜3平9负的战绩，客场更是1\r\n平6负，进4球丢13球。</p><p>　　赔率方面，某博彩公司开出2.30 3.25 2.70的初赔。在亚冠历史上，此博彩公司曾经有3次开出此赔率组合，主队居然无一胜绩。</p><table bgcolor=\"#000000\" border=\"0\" cellpadding=\"0\" cellspacing=\"0\"><tbody><tr><td><table border=\"0\" cellpadding=\"1\" cellspacing=\"1\" width=\"580\"><tbody><tr bgcolor=\"#d1eaf2\"><td align=\"center\">年份</td><td align=\"center\">主队</td><td align=\"center\">比分</td><td align=\"center\">客队</td><td align=\"center\">赔率(初赔)</td></tr><tr bgcolor=\"#ffffff\"><td align=\"center\">2012年3月22日</td><td align=\"center\">吉达阿赫利</td><td align=\"center\">1:1</td><td align=\"center\">沙巴罕</td><td align=\"center\"><span style=\"color: #000000;\">2.30 3.25 2.70</span></td></tr><tr bgcolor=\"#ffffff\"><td align=\"center\">2013年5月14日</td><td align=\"center\">阿尔加拉法</td><td align=\"center\">1:2</td><td align=\"center\">利雅得沙巴布</td><td align=\"center\"><span style=\"color: #000000;\">2.30 3.25 2.70</span></td></tr><tr bgcolor=\"#ffffff\"><td align=\"center\">2015年3月18日</td><td align=\"center\">布里斯班狮吼</td><td align=\"center\">3:3</td><td align=\"center\">水原三星</td><td align=\"center\"><span style=\"color: #000000;\">2.30 3.25 2.70</span></td></tr><tr bgcolor=\"#ffffff\"><td align=\"center\">2015年5月05日</td><td align=\"center\">水原三星</td><td align=\"center\">？</td><td align=\"center\">北京国安<a class=\"wt_article_link\" href=\"http://weibo.com/guoanfootballclub?zw=sports\" target=\"_blank\">[微博]</a></td><td align=\"center\"><span style=\"color: #000000;\">2.30 3.25 2.70</span></td></tr></tbody></table></td></tr></tbody></table><p>　　虽然从此赔率以往赛果上看国安全身而退更有希望，<strong>但综合分析以往战绩、打法和国安较多伤停情况等因素，本场如此开赔很可能是博彩公司的一种错误诱导，达到吸引更多的人关注国安不败的目的。</strong>水原在联赛中已两连败，转战到亚冠赛场上，国安若解决不好防守问题，很可能会成为水原三星的撒气桶。</p><p><br/></p>', '0', null, '0', '0', '2', '3', '0');
INSERT INTO `t_news` VALUES ('4', '国安联赛赢永昌重要 亚冠打水原拿分有戏 ', '新浪网', 'http://news.sina.com.cn/', '2015-05-05 10:06:42', '<div class=\"img_wrapper\" align=\"center\"><p><img alt=\"国安亚冠海报\" src=\"http://i3.sinaimg.cn/ty/c/2015-05-04/U12082P6T12D7597515F44DT20150504220411.jpg\"/><span class=\"img_descr\"><br/></span></p><p><span class=\"img_descr\">国安亚冠海报</span></p></div><p>　　新浪体育讯　新浪体育讯&nbsp;5月4日晚上，北京体育台《足球100分》节目中，前国安球员南方、媒体人刘晶捷和朱煜明担任嘉宾，谈到了国安周末联\r\n赛中的表现，并对周中的亚冠小组赛进行展望。嘉宾们认为国安联赛中战胜永昌很关键，结果非常重要，主持人魏祤东认为用什么词去赞美邵佳一都不为过；对于亚\r\n冠生死战，嘉宾们认为国安不会输，拿一分应该有戏。</p><p>　　节目一开始，主持人魏祤东就首先提到国安小组赛最后一轮只有拿分才能出线的情况，嘉宾们先对比赛结果进行了预测，朱煜明认为：“平局的可能性最\r\n大，不会输。”刘晶捷表示：“还行吧，大家心态还不错，一分应该有戏。”南方则认为国安应该多做好困难准备，“双方心态不一样，水原三星已经出线，一点压\r\n力都没有，咱们应该把困难想足些。”</p><p>　　国安在周末联赛中3-1战胜石家庄永昌，截止了连败。比赛中后卫出现失误差点造成失球，赛后李磊通过个人微博承认自己的错误，主持人魏祤东表示\r\n李磊非常有担当，“作为一名年轻球员能够在微博这样的公开平台上承认自己的不足，是需要勇气的，有担当和进取心是李磊这条微博给我们留下的印象。”同时魏\r\n祤东认为：“国安李磊还没做好打首发的准备，国安大幅伤病迫使李磊不得不上，这种拔苗助长让李磊交一些学费。”通过回看李磊全场表现，南方认为：“李磊有\r\n时候左脚还是比较靠谱的，他的到来使国安终于有一个正牌左脚左后卫了，一直都是右脚球员在客串，这应该是他的优势。”朱煜明补充说：“国安的防守还是打一\r\n个体系，从来不是靠单兵作战。”</p><p>　　对于这场比赛国安的表现，南方给打了7分，理由是：“不能因为一场胜利就打高分，国安的水平比这还要高很多，只不过现在在困难情况中，还好我们\r\n在亚冠生死战之前有这么一场胜利，对鼓舞士气来说是非常重要的。”朱煜明给国安打8分，理由是：“技战术分不是很高，但是结果比什么都重要，连续不胜球队\r\n的士气到达低点，你的精神和体力透支的前提下，这场胜利比什么都重要。”刘晶捷也给打出8分，同样认为结果是最重要的。</p><p>　　也是在这场比赛中，老将邵佳一再次打进惊艳进球，刘晶捷表示：“他现在已经是国安的大腿了。”朱煜明提到邵佳一去德国之前有连续三场比赛任意球\r\n进球，“去德国的时候罚任意球还是以弧线为主，现在变电梯了。”南方表示永昌门将王国明奔着弧线方向判断的，“他预判佳一打近角，结果佳一电梯球打了一个\r\n远角。”主持人魏祤东：“我们用什么词去赞美这名老将都不为过，那场比赛中当国安下半场打不开层面的时候，恰恰是邵佳一的上场改变了比赛的走势，不管是战\r\n术层面还是斗志层面，让队友的面貌也有了焕然一新的变化。”</p><p>　　最后嘉宾们谈到国安明天的亚冠生死战，魏祤东表示：“球队的气氛不错，球迷们也对球队充满自信，但困难是不能回避的，除了徐云龙的伤势能否上场\r\n还是未知，另外马季奇也没有报名。”对此刘晶捷从国安的排兵上进行分析：“因为水原是亚洲最强的左路进攻，真让李运秋首发右后卫感觉扛不住，让周挺在右边\r\n比较放心。”朱煜明认为国安应该以攻代守，“国安中后场缺人比较严重的，如果一味被动守，很难守90分钟不丢球，还是应该在进攻上给点压力。”南方则认为\r\n还是应该以稳为主：“毕竟我们人员不齐整，要真要是打对攻，怕我们扛不住，因为韩国嘛，以体能著称。”</p><p>　　另外，根据前方消息，水原主帅透露会派出更多年轻队员，南方认为这并不代表什么，“每支球队都一样，如果国安要是出线的话，肯定也会派上一些年轻球员去打比赛，双方之间亚冠、联赛都是有轻有重的。”(旺旺)</p><p><br/></p>', '0', null, '0', '0', '6', '3', '0');
INSERT INTO `t_news` VALUES ('5', '曼联传奇:切尔西买1人可统治英超 总价8500万', '新浪网', 'http://news.sina.com.cn/', '2015-05-05 10:08:21', '<div class=\"img_wrapper\" align=\"center\"><p><img alt=\"贝尔相拥C罗\" src=\"http://i1.sinaimg.cn/ty/g/pl/2015-05-05/U5536P6T12D7597806F44DT20150505095534.jpg\"/><span class=\"img_descr\"><br/></span></p><p><span class=\"img_descr\">贝尔相拥C罗</span></p></div><p>　　新浪体育讯　提前三轮夺取英超联赛的冠军，穆里尼奥终于再次开创了切尔西的辉煌时代，不过，对于穆帅来说，本赛季的这个冠军只是开了个头而已，狂人要打造的是一个真正的切尔西王朝。而曼联传奇加里-内维尔就出谋划策的认为，切尔西想要开创新时代，就必须购买贝尔。</p><p>　　“今年夏天可能会有一个很强大的巨星流入转会市场，他就是贝尔，人们都在讨论他可能会加盟曼联、曼城或者切尔西中的一支英超豪门。”</p><p>　　“如果贝尔能够被摆放到转会市场，如果切尔西能够赢得对于贝尔的这场争夺战，那么未来的几年之内，切尔西都将给所有的球队制造很大的麻烦。如果\r\n切尔西可以卖掉一名诸如奥斯卡、拉米雷斯或者其他的身价在5000-6000万英镑之间的球员，然后再追加2500万英镑左右的现金投入，那么他们就可以\r\n以8500万英镑的总价值拿下贝尔，从而变得更加强大，我深以为此。”</p><p>　　“阿布老板最近现场考察了切尔西的U21青年队，这帮年轻人们最近拿下了6个青年杯冠军中的四个。现在这批优秀的年轻人们已经成为了穆里尼奥的\r\n‘大问题’，他需要把这批青年才俊好好的提拔成长利用起来。如果切尔西能够拿下贝尔，然后再把这批优秀的年轻球员们锻炼成长起来，那么未来的三四年这支球\r\n队将很强大。”</p><p>　　(兰尼斯特)</p><p><br/></p>', '0', null, '0', '0', '4', '3', '0');
INSERT INTO `t_news` VALUES ('6', '国乒强势奥运阵容初现 跨国组合闪亮', '新浪网', 'http://news.sina.com.cn/', '2015-05-05 10:10:32', '<div class=\"img_wrapper\" align=\"center\"><p><img alt=\"马龙称王\" src=\"http://i2.sinaimg.cn/ty/o/2015-05-04/U347P6T12D7596868F44DT20150504101130.jpg\"/><span class=\"img_descr\"><br/></span></p><p><span class=\"img_descr\">马龙称王</span></p></div><p>　　新浪体育讯　历时8天的苏州世乒赛于昨天落幕，国兵在男女单打、双打4个项目均笑到最后，中韩跨国组合登上混双巅峰，再次展示乒乓王国的风范。\r\n本届世乒赛是里约奥运周期最后一次单项世乒赛，考察意义颇浓，借助苏州世乒赛这张舞台国乒的奥运阵容逐渐浮出水面。面对强大的国乒，亚欧主要对手虽说表现\r\n出些许新气息，但整体实力仍然存在较大差距，短时间内难以改变国乒一统天下的局面，乒乓球的全球推广工作依然任重道远。</p><p>　　<strong>国乒表现近乎完美</strong></p><p>　　苏州世乒赛五条战线，国乒在男女单打、双打四个项目大包大揽的同时，国手许昕和韩国女将梁夏银联袂夺得混双冠军，交出了一张近乎完美的答卷。</p><p>　　近乎完美不仅仅是结果，更体现在过程中。</p><p>　　参加单打的男女各6名国手，有张继科、马龙、李晓霞、丁宁4名历经百战的奥运选手，有许昕、刘诗雯这类中坚力量，也有樊振东、方博、朱雨玲、武\r\n杨、梁靖崑、木子这些新锐。令人欣慰的，三拨国手均成功守住各自战线，确保勃莱德杯、盖斯特杯这两座最具分量的单项冠军奖杯留在国内。男女双打同样创造外\r\n战不败的神奇纪录，男双有5名国手参加双打，其中许昕/张继科、樊振东/周雨会师决赛，马龙和德国名将波尔组成的“马可波罗”组合因签运不佳在第二轮被许\r\n昕/张继科淘汰。女双赛场，刘诗雯/朱雨玲和李晓霞/丁宁会师决赛，李晓丹和泰国选手高王在第二轮不敌刘诗雯/朱雨玲。</p><p>　　许昕和韩国女将梁夏银组成的混双是本届世乒赛最耀眼的一对跨国组合，许昕在身兼三项且身体出现伤病的情况下，表现出高超的技术水平和顽强的心理\r\n素质，带领梁夏银连闯数关捧得赫杜赛克杯，许昕的突出表现让韩国及其他国家和地区乒乓界更加理解中国乒乓球长盛不衰的秘诀。唯一在外战中栽跟斗的国手是闫\r\n安/武杨，这对攻削组合在1/4决赛中不敌上届冠军金赫峰/金正。从打法配备和对手的实力来说，闫安/武杨能与上届冠军拼到决胜局已足够令人尊敬。和法国\r\n选手合作的陈梦在第三轮不敌队友闫安/武杨。</p><p>　　<strong>新生力量表现不俗</strong></p><p>　　方博闯进男单决赛，朱雨玲喜获女双冠军，木子力克冯天薇闯进四强，樊振东首次闯进男单四强的同时还和另一个新星周雨联袂打进男双决赛……国乒新星闪烁赛场，成为苏州世乒赛的一大亮点。&nbsp;</p><p>　　与两年前的巴黎世乒赛相比，上述新人均取得突破，方博、樊振东首次尝到世乒赛单项奖牌滋味，朱雨玲第一次举起世乒赛单项奖杯，周雨是第一次杀进世乒赛决赛，对国乒来说，在“二王一马”、郭跃等主力退出国乒舞台之际，众新人集体井喷无疑是一件喜事。</p><p>　　在国乒主帅刘国梁的眼中，方博是本届世乒赛国乒最大的一匹黑马。是中国男乒一名颇具冲击力的新手，近两年因种种原因未能像樊振东那样跻身主力阵\r\n容。近几个月，方博逐渐找到状态，年初入围世界杯团体赛从而进入世界冠军行列。强手如林的苏州世乒赛，起初方博并没有引起圈内外人士的关注，这名小将在赛\r\n场表现出初生牛犊不怕虎的气势，先后拔掉许昕、弗兰西斯卡、张继科几颗硬钉子，出人意料又令人信服地闯进男单决赛。巅峰之战，方博与马龙大战6局，虽然虽\r\n功亏一篑，但他表现出的拼搏姿态足以让对手和观众肃然起敬。</p><p>　　樊振东、周雨首次感受世乒赛单项决赛氛围，樊振东力克欧洲男单第一人波尔，包括梁靖崑以及仅参加了混双一个项目的陈梦……这些经历对年轻选手来说无异于一笔丰厚的财富，有利于他们在今后向着更高目标发起更有力的冲击。</p><p>　　<strong>里约奥运阵容浮现</strong></p><p>　　苏州世乒赛是里约奥运会前最后一项单项世乒赛，此次盛会对国手考察意义之大不言而喻，通过苏州世乒赛这面镜子，国乒奥运阵容已浮现出大致轮廓。</p><p>　　马龙、张继科、许昕基本锁定了属于中国男乒的3张入场券。近两年，上述3人在国内外主要赛事已表现出一定优势，苏州世乒赛他们的综合表现依然好\r\n于樊振东等小将，从技战术水平和大赛经验的角度考虑，马龙、张继科、许昕在奥运门券的竞争中已经表现出较为明显的优势。当然，竞技体育的最大魅力就是悬\r\n念，目前距离里约奥运会还有1年多时间，这段时间樊振东、方博依然有可能通过自己的表现实现反超。</p><p>　　女乒方面，丁宁、李晓霞、刘诗雯三名大姐在综合实力拥有一些优势，有能力和她们掰掰手腕的有新人朱雨玲和本次闯入女单四强的木子。苏州世乒赛，\r\n朱雨玲收获了女双冠军，木子夺得女单铜牌，战绩令人满意。不过，朱雨玲在女单1/4决赛与刘诗雯一战，暴露出她在驾驭大赛的能力方面与老队员还有差距。而\r\n木子本次比赛4-0力克中国队头号劲敌冯天薇闯入四强，在半决赛中和丁宁苦战7局才遗憾落败。从目前情况下，朱雨玲、木子仍具有参加奥运会的可能，因为李\r\n晓霞的身体状况有可能成为女乒里约奥运人选的一大变数。</p><p>　　<strong>其他协会亦有亮点</strong></p><p>　　上届世乒赛，国乒出于种种考虑没有在男双、混双两个项目安排最强组合，导致两座奖杯易手。本届世乒赛，国乒在乒乓球推广上表现出更加灵活的姿\r\n态，通过让马龙、许昕等名将与外国选手合作双打的方式，提高世乒赛的关注度，达到了更好地输送乒乓文化的目的。韩国女将梁夏银与许昕合作夺得混双冠军，成\r\n为1993年以来第一个夺得世乒赛冠军的韩国选手。跨国组合让梁夏银一夜成名，也给世乒赛赋予更深的内涵，有利于这项百年赛事乃到整个乒乓球运动员在全世\r\n界更好的推广宣传。</p><div style=\"display: block; width: 200px; height: 300px; margin: 10px 20px 10px 0px; float: left; overflow: hidden; clear: both; padding: 4px; border: 1px solid rgb(205, 205, 205);\" class=\"otherContent_01\" id=\"ad_4110\"><ins style=\"display: block; overflow: hidden; text-decoration: none;\" data-ad-offset-top=\"0\" data-ad-offset-left=\"0\" data-ad-status=\"done\" class=\"sinaads sinaads-done\" id=\"Sinads49447\" data-ad-pdps=\"PDPS000000044110\"><ins style=\"text-decoration:none;margin:0px auto;display:block;overflow:hidden;width:200px;height:300px;\"></ins></ins></div><p>　\r\n　不满15岁的日本小将伊藤美诚闯进女单八强，德国选手波尔、弗兰西斯卡与中国选手分享男单八个席位。李尚洙/徐贤德、松平健太/丹羽孝希获男双并列季\r\n军，李洁/李倩、冯天薇/于梦雨获得女双并列季军。混双赛场有3对其他协会组合获得奖牌，吉村真晴/石川佳纯是多年来第一对闯进混双决赛的日本组合，朝鲜\r\n组合金赫峰/金正和中国香港的黄镇廷/杜凯琴分享季军荣誉。在国手继续世乒赛的今天，这些成绩对于其他代表队来说已十分难得。尤其是伊藤美诚的崛起，让国\r\n际乒坛平添一丝新意。近一两年，伊藤美诚和另一名00后平野美宇多次在国际赛场取得佳绩，两名小姑娘显示出与年龄不相符的实力和气质，足以让乒乓球圈人士\r\n感到欣慰，假以时日她俩有可能对中国女将构成威胁。</p><p>　　相比之下，欧洲乒坛仍没有摆脱多年来的颓势，本届世乒赛仅靠李洁/李倩这对中国“海外兵团”收获一枚奖牌，欧洲第一人波尔在年仅18岁的中国小\r\n将樊振东面前抚手称臣，该结果更凸显当今欧洲乒乓球的没落。欧洲是乒乓球运动发源地，相当长的一段历史时期内欧洲乒乓球为世界乒坛作出了巨大贡献。可以这\r\n么说，乒乓球运动要想实现真正的全球化，欧洲乒坛的复兴是不可缺少的，需要国际乒联花更大的力气抓好这项工作。(王全立)</p><p><br/></p>', '1', 'http://localhost:8080/news/upload/image/S138374T1430663071709.jpg', '0', '0', '5', '3', '1');
INSERT INTO `t_news` VALUES ('7', '赵薇减持阿里影业 半年净赚5.89亿港元', '新浪网', 'http://news.sina.com.cn/', '2015-05-05 10:12:47', '<div class=\"img_wrapper\" align=\"center\"><p>\r\n		<img alt=\"赵薇夫妇跟着马云炒股\" src=\"http://n.sinaimg.cn/transform/20150505/G2Vh-avxeafs6887947.jpg\"/>\r\n		<span class=\"img_descr\"><br/></span></p><p><span class=\"img_descr\">赵薇夫妇跟着马云炒股</span>\r\n	</p></div><p>\r\n		</p><p>　　记者 郑道森</p><p>&nbsp; &nbsp; 昨日下午，根据港交所披露的最新消息，赵薇夫妇近期减持阿里影业共2.56亿股，套现约9.984亿港元。</p><p>　　这次套现之后，赵薇夫妇的持股比例从9.18%减少到7.96%，仅仅半年的时间，已获得5.89亿港元的收益。跟着马云[微博]炒股，果然是另一番境界。</p><p>　　<strong>套现净赚5.89亿港元</strong></p><p>　　去年12月底，赵薇夫妇斥资31亿港元“重仓”阿里影业，持股9.18%，成为阿里影业的二股东，持股比例仅次于阿里集团。</p><p>　　港交所信息显示，赵薇夫妇是在去年12月20日按每股平均价1.6港元购入的，总共买了逾19.3亿股。一位熟悉港股交易的分析师曾表示，从权益披露的情况来看，其他大股东的持股并没有减少，赵薇夫妇应该是从一些机构投资者手中买来的股票，而且这些资金应该都是现金。</p><p>　　一次性拿出31亿港元的现金买股票，这在国内娱乐圈或许找不出第二个人了。当时曾有媒体追问，赵薇夫妇的这笔钱到底从何而来，但赵薇始终保持沉默。</p><p>　　这半年，阿里影业风生水起，股价暴涨。这时候，赵薇出手卖股票了。</p><p>　　港交所消息显示，4月29日和30日，赵薇夫妇在3.9港元的价位分别减持1.92亿股、6400万股，共计套现近10亿港元。在该笔交易中，赵薇夫妇净赚5.89亿港元。如今，赵薇夫妇持股16.74亿股，占比7.96%，依然是阿里影业的第二大股东。</p><p>　　按照5月4日的股价，赵薇夫妇手上还持有的阿里影业股票，价值61.6亿港元，浮盈达到约34.82亿港元。</p><p>　<strong>　阿里影业今年股价已翻番</strong></p><div style=\"display: block; width: 200px; height: 300px; margin: 10px 20px 10px 0px; float: left; overflow: hidden; clear: both; padding: 4px; border: 1px solid rgb(205, 205, 205);\" class=\"otherContent_01\" id=\"ad_44124\"><ins style=\"display: block; overflow: hidden; text-decoration: none;\" data-ad-offset-top=\"14\" data-ad-offset-left=\"0\" data-ad-status=\"done\" class=\"sinaads sinaads-done\" id=\"Sinads49447\" data-ad-pdps=\"PDPS000000044124\"><ins style=\"text-decoration:none;margin:0px auto;display:block;overflow:hidden;width:200px;height:300px;\"></ins></ins></div><p>　　赵薇在去年入股之时，正是阿里影业最为低迷的时期。当时，阿里影业正因为入股前文化中国遗留下来的种种财务问题而“伤脑筋”，先是计提了3.93亿港元的减值准备，随后发布盈利警告，称2014年全年可能出现最多6亿港元的重大亏损。</p><p>　　但从今年开始，阿里影业在电影界纵横捭阖，似乎要轰轰烈烈地大干一场：1月12日，阿里影业首个主投的电影《摆渡人》启动，电影根据畅销书作家\r\n张嘉佳的同名小说改编，并由张嘉佳担任导演；4月8日，阿里集团宣布，拟将原属于集团的娱乐宝和淘宝电影票业务装入上市公司，当日阿里影业股价大涨\r\n36%；4月22日，阿里影业豪掷8.3亿元收购粤科软件，布局影院售票系统，当天阿里影业再涨12.83%。完成这几项布局之后，阿里影业的市值一度超\r\n过800亿港元，这家新公司的市值，几乎是华谊兄弟(36.500, 0.00, 0.00%)和光线传媒(32.850, 0.00, \r\n0.00%)市值的总和。</p><p>　　昨日，阿里影业报收3.68港元，较前一个交易日下跌3.92%。不过与今年1月时相比，股价涨幅已超过一倍。</p><p><br/></p>', '1', 'http://localhost:8080/news/upload/image/FKWB-awzuney4922109.jpg', '0', '0', '4', '2', '0');
INSERT INTO `t_news` VALUES ('8', '朱立伦拜谒孙中山先生衣冠冢', '参考消息', 'http://photo.cankaoxiaoxi.com', '2015-05-05 10:20:53', '<p style=\"margin-top: 0px; margin-bottom: 0px; padding: 0px; line-height: 34px; font-family: 宋体, sans-serif; text-indent: 28px; white-space: normal;\"><strong><strong><a href=\"http://tw.cankaoxiaoxi.com/2015/0504/766188.shtml\" target=\"_blank\" title=\"境外媒体关注“习朱会”新论述能否“超越九二共识”\" se_prerender_url=\"complete\" style=\"color: rgb(43, 92, 131); outline: none; cursor: pointer;\">境外媒体关注“习朱会”新论述能否“超越九二共识”</a></strong></strong></p><p style=\"margin-top: 0px; margin-bottom: 0px; padding: 0px; line-height: 34px; font-family: 宋体, sans-serif; text-indent: 28px; white-space: normal;\">参考消息网5月4日报道 台媒称，中国国民党主席朱立伦5月3日下午抵达北京，晚间会晤中共北京市委书记郭金龙，重头戏“习朱会”则于5月4日上午登场。</p><p style=\"margin-top: 0px; margin-bottom: 0px; padding: 0px; line-height: 34px; font-family: 宋体, sans-serif; text-indent: 28px; white-space: normal;\">据台湾“中央社”5月3日报道，朱立伦率领国民党访问团抵达上海后，随即在上海复旦大学与青年学子交流，并主持第10届两岸经贸文化论坛（国共论坛）;5月4日上午与中共总书记习近平举行会谈。</p><p style=\"margin-top: 0px; margin-bottom: 0px; padding: 0px; line-height: 34px; font-family: 宋体, sans-serif; text-indent: 28px; white-space: normal;\">报道称，“习朱会”是朱立伦这次大陆行最重要的行程。此前国共两党领导人已六年未曾碰面，加上近一、两年两岸关系屡见波折，以及国民党去年底在“九合一”选举挫败的各种背景下，两党领导人这次会面意义不凡，更备受瞩目。</p><p style=\"margin-top: 0px; margin-bottom: 0px; padding: 0px; line-height: 34px; font-family: 宋体, sans-serif; text-indent: 28px; white-space: normal;\">外界关切朱立伦与习近平会面时是否将提出承先启后的突破性两岸论述。</p><p style=\"margin-top: 0px; margin-bottom: 0px; padding: 0px; line-height: 34px; font-family: 宋体, sans-serif; text-indent: 28px; white-space: normal;\">对此，朱立伦在行前记者会中只概略性描述此行将触及两岸经贸、“三中一青”（中小企业、中低收入、中南部偏乡、青年）等议题。至于是否会提及“和平协议”，朱立伦未正面回应，仅强调：“该说的话，大家都会听到。”</p><p style=\"margin-top: 0px; margin-bottom: 0px; padding: 0px; line-height: 34px; font-family: 宋体, sans-serif; text-indent: 28px; white-space: normal;\">对于朱立伦与习近平此次的会面，有分析说，两岸近几年人事都出现重大变化，接任的领导人需要延续前任道路，把握未来方向。</p><p style=\"margin-top: 0px; margin-bottom: 0px; padding: 0px; line-height: 34px; font-family: 宋体, sans-serif; text-indent: 28px; white-space: normal;\">有学者表示，两党领导人这次会面最大意义在于深化两岸交往的政治基础“九二共识”，双方将更清楚地宣示及表达这个立场。</p><p style=\"margin-top: 0px; margin-bottom: 0px; padding: 0px; line-height: 34px; font-family: 宋体, sans-serif; text-indent: 28px; white-space: normal;\">香港《太阳报》5月2日报道称，“国共论坛”定于五月初在上海举行，国民党主席朱立伦亲自带团与会。不过随后在北京举行的“习朱会”才是重头戏，国共领导人将再次会面。今年是连战与胡锦涛会面十周年，2005年连战的“破冰之旅”打破两岸僵局，期待“习朱会”能有新建树，让国共关系继续紧密，并引领两岸关系持续发展。</p><p style=\"margin-top: 0px; margin-bottom: 0px; padding: 0px; line-height: 34px; font-family: 宋体, sans-serif; text-indent: 28px; white-space: normal;\">报道称，台湾明年举行地区领导人选举，民进党主席蔡英文已经宣布参选，她同时就大家关切的两岸问题提出新论述，其最新说法是“维持现状，不挑战对方”，这与国民党马英九的执政方针“不统、不独、不武”有雷同之处。人们期待朱立伦此行会有新的体验和论述，尤其是与习近平会面时能探究两岸关系未来的发展。</p><p style=\"margin-top: 0px; margin-bottom: 0px; padding: 0px; line-height: 34px; font-family: 宋体, sans-serif; text-indent: 28px; white-space: normal;\">报道称，去年“九合一”选举惨败后，国民党弥漫着失败情绪，处于“怯战”状态，最有实力的朱立伦多次表态不会参选，令国民党支持者大为失望。虽然立法部门副负责人洪秀柱和前卫生部门负责人杨志良都表示会参选，但“蓝营”还是期待朱立伦能成为国民党的“救世主”，现时只有静观“习朱会”后是否有定论。</p><p style=\"margin-top: 0px; margin-bottom: 0px; padding: 0px; line-height: 34px; font-family: 宋体, sans-serif; text-indent: 28px; white-space: normal;\">报道称，国民党还要有令人耳目一新的两岸新主张。就台湾地区领导人候选人而言，朱立伦实为党内不二人选;而两岸政策方面，朱立伦表示“习朱会”将进一步探讨“九二共识”。</p><p style=\"margin-top: 0px; margin-bottom: 0px; padding: 0px; line-height: 34px; font-family: 宋体, sans-serif; text-indent: 28px; white-space: normal;\">报道称，面对台湾现状，国民党的两岸政策必须有所改变，在政务及两岸关系上都遭重挫的情况下，国民党须有突破性的作为，让选民耳目一新，否则政党轮替是必然结果。</p><p style=\"margin-top: 0px; margin-bottom: 0px; padding: 0px; line-height: 34px; font-family: 宋体, sans-serif; text-indent: 28px; white-space: normal;\">事实上，两岸关系的论述有赖“习朱会”来定调，因此人们对“习朱会”有高度期待。“习朱会”料有建设性结果，除探讨朱立伦的“超越‘九二共识’”，还有亚投行问题。由北京主导的亚投行，应可包容台湾的参与，这将是两岸关系的催化剂，亦可争取台湾民心。</p><p style=\"margin-top: 0px; margin-bottom: 0px; padding: 0px; line-height: 34px; font-family: 宋体, sans-serif; text-indent: 28px; white-space: normal;\">报道称，两岸关系确实不仅是国共关系，但国共关系绝对主导两岸关系，国共关系依然是影响台湾发展的关键，因此“习朱会”确是两岸大事，也是国民党能否保住“政权”的关键。</p><p><br/></p>', '0', null, '0', '1', '4', '1', '0');
INSERT INTO `t_news` VALUES ('9', '网购火车票时间调整', '网易新闻', 'http://news.163.com/', '2015-05-05 10:24:05', '<p style=\"padding: 0px; margin-top: 26px; margin-bottom: 26px; font-size: 14px; text-indent: 2em; color: rgb(37, 37, 37); font-family: 宋体, sans-serif; line-height: 24px; text-align: justify; white-space: normal;\">央广网北京5月5日消息 据中国之声《新闻纵横》报道，为满足旅客需求，铁路部门进一步优化互联网和手机购票服务办法，自明天起，您在12306网站及“铁路12306”手机购票客户端购票，可以在开车前30分钟买，而以前，必须不晚于列车开车前2小时。</p><p style=\"padding: 0px; margin-top: 26px; margin-bottom: 26px; font-size: 14px; text-indent: 2em; color: rgb(37, 37, 37); font-family: 宋体, sans-serif; line-height: 24px; text-align: justify; white-space: normal;\">同时，为了不影响其他旅客购票，列车开车前2小时内所购车票须在10分钟内完成支付。这为异地上班以及临时乘车旅客随到随走提供了条件，旅客可以在去车站的路途中使用手机购票，使出行更加便利。</p><p style=\"padding: 0px; margin-top: 26px; margin-bottom: 26px; font-size: 14px; text-indent: 2em; color: rgb(37, 37, 37); font-family: 宋体, sans-serif; line-height: 24px; text-align: justify; white-space: normal;\">(原标题：12306网络购票时间优化:开车前2小时调整为30分钟)</p><p><br/></p>', '0', null, '0', '1', '4', '4', '0');
INSERT INTO `t_news` VALUES ('10', '朱立伦到访北大 寄语学生:世界之大自己去闯', '网易新闻', 'http://news.163.com/', '2015-05-05 10:25:18', '<p class=\"f_center\" style=\"padding: 0px; margin-top: 26px; margin-bottom: 26px; font-size: 14px; text-align: center; color: rgb(37, 37, 37); font-family: 宋体, sans-serif; line-height: 24px; white-space: normal;\"><img src=\"http://img1.cache.netease.com/catchpic/F/FD/FD7A1EBD688D79DB2217D936EF22D98E.jpg\" alt=\"昨天下午，朱立伦走出北大英杰交流中心，前往北大光华管理学院。图/CFP\" style=\"vertical-align: top; border: 0px;\"/><br/><span style=\"color:昨天下午，朱立伦走出北大英杰交流中心，前往北大光华管理学院。\">昨天下午，朱立伦走出北大英杰交流中心，前往北大光华管理学院。</span></p><p style=\"padding: 0px; margin-top: 26px; margin-bottom: 26px; font-size: 14px; text-indent: 2em; color: rgb(37, 37, 37); font-family: 宋体, sans-serif; line-height: 24px; text-align: justify; white-space: normal;\"><strong>访北大寄语学生勇敢闯世界</strong></p><p style=\"padding: 0px; margin-top: 26px; margin-bottom: 26px; font-size: 14px; text-indent: 2em; color: rgb(37, 37, 37); font-family: 宋体, sans-serif; line-height: 24px; text-align: justify; white-space: normal;\">昨天下午，在大陆参访的中国国民党主席朱立伦到访北大，与校方代表会面并与广大师生举行座谈会，这也是他第三次到北大访问，席间，朱立伦与广大师生共同回忆了他20年前执教往事，并以一句“一日北大人，终生北大人”来表达他对北大多年的情感。朱立伦鼓励学生们走出校园：“世界之大，需要不断去闯，不断超越自我。”</p><p style=\"padding: 0px; margin-top: 26px; margin-bottom: 26px; font-size: 14px; text-indent: 2em; color: rgb(37, 37, 37); font-family: 宋体, sans-serif; line-height: 24px; text-align: justify; white-space: normal;\"><strong>访北大</strong></p><p style=\"padding: 0px; margin-top: 26px; margin-bottom: 26px; font-size: 14px; text-indent: 2em; color: rgb(37, 37, 37); font-family: 宋体, sans-serif; line-height: 24px; text-align: justify; white-space: normal;\"><strong>二十余名学生参加座谈会</strong></p><p style=\"padding: 0px; margin-top: 26px; margin-bottom: 26px; font-size: 14px; text-indent: 2em; color: rgb(37, 37, 37); font-family: 宋体, sans-serif; line-height: 24px; text-align: justify; white-space: normal;\">昨天是五四青年节，也恰逢北京大学117年校庆日。在过去的五四青年节，经常会有重要人物到访北大校园与青年进行交流，继去年国家主席习近平到访后，今年迎来的则是来大陆访问的国民党主席朱立伦。作为五四运动的发源地，此前胡锦涛和温家宝等国家领导人都曾在五四期间到访过北大。同时，在两岸交流当中，北大也扮演着重要角色，此前连战、宋楚瑜等都曾前往北大发表演讲。</p><p style=\"padding: 0px; margin-top: 26px; margin-bottom: 26px; font-size: 14px; text-indent: 2em; color: rgb(37, 37, 37); font-family: 宋体, sans-serif; line-height: 24px; text-align: justify; white-space: normal;\">昨天下午2点45分左右，第三次访问北大的国民党主席朱立伦抵达北京大学英杰交流中心，与校方举行会面。北大校长林建华回忆称，17年前朱立伦曾在北大百年校庆时来北大，20年前朱立伦曾在北大教了一年财会课程，是当年来北大交流的台大老师中最年轻的一位，“朱老师治学严谨，上课还写繁体字。”</p><p style=\"padding: 0px; margin-top: 26px; margin-bottom: 26px; font-size: 14px; text-indent: 2em; color: rgb(37, 37, 37); font-family: 宋体, sans-serif; line-height: 24px; text-align: justify; white-space: normal;\">短暂会面后，朱立伦前往附近的光华管理学院与在校师生举行座谈会。据光华管理学院的学生介绍，此次参加座谈会的名额很有限，只有二十几名学生参加，他们均是已经提前申报才能听取演讲，前几天学院已给每位同学发邮箱告知这里将闭馆半天。</p><p style=\"padding: 0px; margin-top: 26px; margin-bottom: 26px; font-size: 14px; text-indent: 2em; color: rgb(37, 37, 37); font-family: 宋体, sans-serif; line-height: 24px; text-align: justify; white-space: normal;\">昨天的座谈会在光华管理学院多功能厅进行，会场为长方形围桌布局，大家围坐一圈，与一般演讲场合的讲台和坐席截然不同。“一日北大人，终生北大人。”座谈会一开始，朱立伦的这句话便引起在场广大师生的热烈掌声，他很高兴再次回到北大，回到光华管理学院，看到了许多老朋友，也看到了许多新朋友。</p><p style=\"padding: 0px; margin-top: 26px; margin-bottom: 26px; font-size: 14px; text-indent: 2em; color: rgb(37, 37, 37); font-family: 宋体, sans-serif; line-height: 24px; text-align: justify; white-space: normal;\">“刚刚校长称我主席，真的是不敢当，还是称我为朱老师比较亲切一点。”朱立伦说，这次回到北大校园、回到光华管理学院，把他许多回忆都带回到了1995年和1998年。</p><p style=\"padding: 0px; margin-top: 26px; margin-bottom: 26px; font-size: 14px; text-indent: 2em; color: rgb(37, 37, 37); font-family: 宋体, sans-serif; line-height: 24px; text-align: justify; white-space: normal;\"><strong>背景链接</strong></p><p style=\"padding: 0px; margin-top: 26px; margin-bottom: 26px; font-size: 14px; text-indent: 2em; color: rgb(37, 37, 37); font-family: 宋体, sans-serif; line-height: 24px; text-align: justify; white-space: normal;\"><strong>朱立伦与北大的深厚渊源</strong></p><p style=\"padding: 0px; margin-top: 26px; margin-bottom: 26px; font-size: 14px; text-indent: 2em; color: rgb(37, 37, 37); font-family: 宋体, sans-serif; line-height: 24px; text-align: justify; white-space: normal;\">1998年北京大学百年校庆时，朱立伦随台大访问团全程参加了校庆活动，见证光华管理学院1号楼落成。</p><p style=\"padding: 0px; margin-top: 26px; margin-bottom: 26px; font-size: 14px; text-indent: 2em; color: rgb(37, 37, 37); font-family: 宋体, sans-serif; line-height: 24px; text-align: justify; white-space: normal;\">1995年朱立伦曾在北大教了一年财会课程，是当年来北大交流的台大老师中最年轻的一位。</p><p style=\"padding: 0px; margin-top: 26px; margin-bottom: 26px; font-size: 14px; text-indent: 2em; color: rgb(37, 37, 37); font-family: 宋体, sans-serif; line-height: 24px; text-align: justify; white-space: normal;\">此外，朱立伦同时也跟北大光华管理学院有着颇深的渊源，20年前，光华管理学院建院10周年时，朱立伦以台湾大学管理学院的教授代表访问该院，并给94级本科生系统讲授会计课程。</p><p style=\"padding: 0px; margin-top: 26px; margin-bottom: 26px; font-size: 14px; text-indent: 2em; color: rgb(37, 37, 37); font-family: 宋体, sans-serif; line-height: 24px; text-align: justify; white-space: normal;\"><strong>忆过去</strong></p><p style=\"padding: 0px; margin-top: 26px; margin-bottom: 26px; font-size: 14px; text-indent: 2em; color: rgb(37, 37, 37); font-family: 宋体, sans-serif; line-height: 24px; text-align: justify; white-space: normal;\"><strong>朱立伦：食堂就餐每次一元钱</strong></p><p style=\"padding: 0px; margin-top: 26px; margin-bottom: 26px; font-size: 14px; text-indent: 2em; color: rgb(37, 37, 37); font-family: 宋体, sans-serif; line-height: 24px; text-align: justify; white-space: normal;\">朱立伦回忆，1995年的秋天，他来到北大校园燕园住在勺园，上课时还没有眼前这栋楼，而是很旧的一栋楼。当时的教科书是普通的文印本，一代一代传下去，他们当时都会提醒同学，不要在课本上画太多，因为还要传下去。在学生食堂就餐，每次一元钱，买一道菜和一个馒头。</p><p style=\"padding: 0px; margin-top: 26px; margin-bottom: 26px; font-size: 14px; text-indent: 2em; color: rgb(37, 37, 37); font-family: 宋体, sans-serif; line-height: 24px; text-align: justify; white-space: normal;\">“回到北大，思绪也跟着回到了那个年代。”朱立伦显得有些激动，他感慨说，北大学生不仅学习认真，而且还非常热情。当年朱立伦住在勺园，与很多同学一起吃饭一起交流，到了周末，很多同学主动当导游，骑着脚踏车，一起去清华、圆明园、颐和园，一起去当代商城，一起去长安街、箭楼，以前的长安街全是自行车。他至今都难以忘记。</p><p style=\"padding: 0px; margin-top: 26px; margin-bottom: 26px; font-size: 14px; text-indent: 2em; color: rgb(37, 37, 37); font-family: 宋体, sans-serif; line-height: 24px; text-align: justify; white-space: normal;\">“同学们还带我去琉璃厂买手表，不知道是真手表还是假手表，都是同学们帮我杀价的。”朱立伦说，去的很多景点门票还分两种，外国观光客和本地人不一样，他也不知道同学们帮买的什么票，“他们告诉我：‘买的是最便宜的’。”</p><p style=\"padding: 0px; margin-top: 26px; margin-bottom: 26px; font-size: 14px; text-indent: 2em; color: rgb(37, 37, 37); font-family: 宋体, sans-serif; line-height: 24px; text-align: justify; white-space: normal;\"><strong>学生：朱老师授课语言幽默</strong></p><p style=\"padding: 0px; margin-top: 26px; margin-bottom: 26px; font-size: 14px; text-indent: 2em; color: rgb(37, 37, 37); font-family: 宋体, sans-serif; line-height: 24px; text-align: justify; white-space: normal;\">昨日，校方安排朱立伦与当时的金融系和会计系学生与同事会面，大家对朱立伦的共同印象是“特别帅，特别好，讲课特别幽默的老师”。</p><p style=\"padding: 0px; margin-top: 26px; margin-bottom: 26px; font-size: 14px; text-indent: 2em; color: rgb(37, 37, 37); font-family: 宋体, sans-serif; line-height: 24px; text-align: justify; white-space: normal;\">北大94级学生马越说，朱立伦当年讲课时用幽默的语言讲授枯燥的会计课，并常常带同学去校外打牙祭，自己第一次吃意式快餐就是朱老师和他太太带去的。</p><p style=\"padding: 0px; margin-top: 26px; margin-bottom: 26px; font-size: 14px; text-indent: 2em; color: rgb(37, 37, 37); font-family: 宋体, sans-serif; line-height: 24px; text-align: justify; white-space: normal;\">“朱老师睿智的思辨令人深受启迪，儒雅的谈吐如沐春风。”面对座谈会上的朱立伦，北大校友高煜丰这样评价，9年前作为两岸菁英交流营的成员，高煜丰参加了北京大学光华管理学院与台湾大学的交流活动，并在台北欢迎晚宴上见到了朱立伦，当时老师与他们畅谈理想，讲述人生哲理，让他们对未来充满期许，那种激励与指引延续至今。</p><p style=\"padding: 0px; margin-top: 26px; margin-bottom: 26px; font-size: 14px; text-indent: 2em; color: rgb(37, 37, 37); font-family: 宋体, sans-serif; line-height: 24px; text-align: justify; white-space: normal;\">“9年时间并没有阻隔两岸青年心灵的距离，曾经状元营的经历，人生旅程共同的重要坐标，在台北夜市的欢声笑语，在机场离别的伤心泪水，还有在北京重逢时内心的喜悦。”高煜丰感慨，曾经的状元营是两岸青年学子友谊的缩影，朱老师是见证者，更是领路人。</p><p style=\"padding: 0px; margin-top: 26px; margin-bottom: 26px; font-size: 14px; text-indent: 2em; color: rgb(37, 37, 37); font-family: 宋体, sans-serif; line-height: 24px; text-align: justify; white-space: normal;\"><strong>谈未来</strong></p><p style=\"padding: 0px; margin-top: 26px; margin-bottom: 26px; font-size: 14px; text-indent: 2em; color: rgb(37, 37, 37); font-family: 宋体, sans-serif; line-height: 24px; text-align: justify; white-space: normal;\"><strong>如何“富而均”是更大挑战</strong></p><p style=\"padding: 0px; margin-top: 26px; margin-bottom: 26px; font-size: 14px; text-indent: 2em; color: rgb(37, 37, 37); font-family: 宋体, sans-serif; line-height: 24px; text-align: justify; white-space: normal;\">朱立伦表示，当前，如何能进行一个更合理更公平的分配，是大家面对的更大挑战。所有经济学者、管理学者、金融学者都在关注这样的变化，社会不仅能够达到富，还能达到均。均就是得到合理的分配。简单说，过去说只要经济成长，就可以向下惠及所有的民众。</p><p style=\"padding: 0px; margin-top: 26px; margin-bottom: 26px; font-size: 14px; text-indent: 2em; color: rgb(37, 37, 37); font-family: 宋体, sans-serif; line-height: 24px; text-align: justify; white-space: normal;\">“现在检讨的是，经济成长是否就能带动工资的上涨，带动所有劳工获得同样的利润、同样的个人所得提升，经济成长是否就能够让全民共同受益？这可能需要另外一番考量。”</p><p style=\"padding: 0px; margin-top: 26px; margin-bottom: 26px; font-size: 14px; text-indent: 2em; color: rgb(37, 37, 37); font-family: 宋体, sans-serif; line-height: 24px; text-align: justify; white-space: normal;\">“今天重新回到校园，我很想跟大家一起来做这方面的研究，怎么更符合公平正义，怎么样能够达到经济发展让全民受益和共享的目标，这是我们大家共同关心的重要问题。”</p><p style=\"padding: 0px; margin-top: 26px; margin-bottom: 26px; font-size: 14px; text-indent: 2em; color: rgb(37, 37, 37); font-family: 宋体, sans-serif; line-height: 24px; text-align: justify; white-space: normal;\">过去20年，两岸都看到中国经济的兴起。在下一个20年、30年里，这样的成长要如何转型，可能也是一个新挑战。此外，现在提到区域经济的概念，希望延伸至其他的经济体，比如东南亚。对此也有不同的论点，大陆经济和海洋经济能否按照这个模式去实现目标，“这也是我们在校园里面要重新思考的。”朱立伦说。</p><p style=\"padding: 0px; margin-top: 26px; margin-bottom: 26px; font-size: 14px; text-indent: 2em; color: rgb(37, 37, 37); font-family: 宋体, sans-serif; line-height: 24px; text-align: justify; white-space: normal;\"><strong>谈期许</strong></p><p style=\"padding: 0px; margin-top: 26px; margin-bottom: 26px; font-size: 14px; text-indent: 2em; color: rgb(37, 37, 37); font-family: 宋体, sans-serif; line-height: 24px; text-align: justify; white-space: normal;\"><strong>世界之大自己去闯</strong></p><p style=\"padding: 0px; margin-top: 26px; margin-bottom: 26px; font-size: 14px; text-indent: 2em; color: rgb(37, 37, 37); font-family: 宋体, sans-serif; line-height: 24px; text-align: justify; white-space: normal;\">昨日，来自台湾的北大光华管理学院硕士生提问，他们应该如何抉择事业，毕业之后该何去何从，从哪里开始自己的追求？对此，朱立伦感慨，时光隧道回到20年前，人生就是一点一滴积累，每一件事情都会让你在人生当中出现很多美好的回忆。“我本来就幽默，高大帅倒没有，我太太叫我照照镜子就知道”。</p><p style=\"padding: 0px; margin-top: 26px; margin-bottom: 26px; font-size: 14px; text-indent: 2em; color: rgb(37, 37, 37); font-family: 宋体, sans-serif; line-height: 24px; text-align: justify; white-space: normal;\"></p><p style=\"padding: 0px; margin-top: 26px; margin-bottom: 26px; font-size: 14px; text-indent: 2em; color: rgb(37, 37, 37); font-family: 宋体, sans-serif; line-height: 24px; text-align: justify; white-space: normal;\">“一个喜欢在课堂上幽默的人为什么要从事严肃的工作呢，从政好像也会变得严肃。”朱立伦说，“就如大家所提的问题，我们现在所做的不是为了自己，我们这一代需要为下一代而努力，我们希望一代一代比这一代更强，我们希望为大家做更多努力，下一代在比较优越的环境之下走出去，走到全世界，机会不一定只在自己家，机会不一定只在中国大陆，机会可以在全世界。”</p><p style=\"padding: 0px; margin-top: 26px; margin-bottom: 26px; font-size: 14px; text-indent: 2em; color: rgb(37, 37, 37); font-family: 宋体, sans-serif; line-height: 24px; text-align: justify; white-space: normal;\">“我们这一个时代很期待机会走进来，下一个时代是我们希望走向世界，每一个同学有这样的自我期许，世界之大，大家可以自己去闯，未来我希望互联网随时都可以接到大家的讯息，从政也要有这样的胸怀，所有老师都希望学生超越自己。”朱立伦说。</p><p><br/></p>', '1', 'http://localhost:8080/news/upload/image/FD7A1EBD688D79DB2217D936EF22D98E.jpg', '0', '0', '2', '4', '0');
INSERT INTO `t_news` VALUES ('11', '“三桶油”同日宣布换帅', '今日头条', 'http://toutiao.com/', '2015-05-05 10:27:27', '<p><br/><em></em></p><p class=\"fbiaot\" style=\"font-size: 14px; font-family: 宋体, Arial, Helvetica, sans-serif; margin-top: 0px; margin-bottom: 0px; padding: 5px 0px 10px 10px; clear: both; line-height: 20px; overflow: hidden; white-space: normal; background-image: url(http://img.bjnews.com.cn/ep/hb.jpg); background-attachment: initial; background-size: initial; background-origin: initial; background-clip: initial; background-position: 50% 100%; background-repeat: repeat-x;\">中石化、中石油董事长退休，王玉普接替傅成玉，中海油董事长王宜林调任中石油</p><dl class=\"rdln\" style=\"font-size: 12px; font-family: 宋体, Arial, Helvetica, sans-serif; margin: 5px auto 0px; padding: 0px; clear: both; border-bottom-width: 1px; border-bottom-style: solid; border-bottom-color: rgb(227, 227, 227); height: 24px; white-space: normal;\"><dd style=\"margin: 0px; padding: 0px 0px 0px 10px; float: left; color: rgb(116, 116, 116); line-height: 24px;\">2015年05月05日 星期二 新京报</dd><dt style=\"margin: 0px; padding: 0px 10px 0px 0px; float: right; line-height: 24px;\">分享：&nbsp;<a title=\"新浪微博\" style=\"margin: 0px; padding: 0px;\" href=\"http://\"><img src=\"http://img.bjnews.com.cn/ep/fx1.jpg\" border=\"0\" style=\"margin: 0px; padding: 0px; border: 0px;\"/></a><a style=\"margin: 0px; padding: 0px;\" href=\"http://\"><img src=\"http://img.bjnews.com.cn/ep/fx6.jpg\" border=\"0\" style=\"margin: 0px; padding: 0px; border: 0px;\"/></a>&nbsp;<a title=\"分享到网易微博\" target=\"_self\" style=\"margin: 0px; padding: 0px;\" href=\"http://\"><img src=\"http://img.bjnews.com.cn/ep/fx4.jpg\" border=\"0\" style=\"margin: 0px; padding: 0px; border: 0px;\"/></a>&nbsp;<a style=\"margin: 0px; padding: 0px;\" href=\"http://\"><img src=\"http://img.bjnews.com.cn/ep/fx8.jpg\" border=\"0\" style=\"margin: 0px; padding: 0px; border: 0px;\"/></a>&nbsp;<a style=\"margin: 0px; padding: 0px;\" href=\"http://\"><img src=\"http://img.bjnews.com.cn/ep/fx3.jpg\" border=\"0\" style=\"margin: 0px; padding: 0px; border: 0px;\"/></a>&nbsp;<a style=\"margin: 0px; padding: 0px;\" href=\"http://\"><img src=\"http://img.bjnews.com.cn/ep/fx7.jpg\" border=\"0\" style=\"margin: 0px; padding: 0px; border: 0px;\"/></a>&nbsp;<a title=\"分享到搜狐微博\" style=\"margin: 0px; padding: 0px;\" href=\"http://\"><img src=\"http://img.bjnews.com.cn/ep/fx2.jpg\" border=\"0\" style=\"margin: 0px; padding: 0px; border: 0px;\"/></a></dt></dl><div class=\"tpnr\" style=\"font-size: 12px; font-family: 宋体, Arial, Helvetica, sans-serif; margin: 15px auto 0px; padding: 0px; clear: both; overflow: hidden; width: 404px; white-space: normal;\"><table bgcolor=\"#efefef\" style=\"font-size: 12px; margin-top: 0px; margin-bottom: 0px; padding: 0px;\"><tbody style=\"margin: 0px; padding: 0px;\"><tr style=\"margin: 0px; padding: 0px;\"><td style=\"margin: 0px; padding: 0px;\"><table style=\"font-size: 12px; margin-top: 0px; margin-bottom: 0px; padding: 0px;\"><tbody style=\"margin: 0px; padding: 0px;\"><tr style=\"margin: 0px; padding: 0px;\"><td style=\"margin: 0px; padding: 0px;\"><img src=\"http://epaper.bjnews.com.cn/images/2015-05/05/B03/p30_b.jpg\" style=\"margin: 0px; padding: 0px; border: 0px;\"/></td></tr><tr style=\"margin: 0px; padding: 0px;\"><td style=\"margin: 0px; padding: 0px;\"></td></tr></tbody></table></td></tr><tr style=\"margin: 0px; padding: 0px;\"><td style=\"margin: 0px; padding: 0px;\"><table style=\"font-size: 12px; margin-top: 0px; margin-bottom: 0px; padding: 0px;\"><tbody style=\"margin: 0px; padding: 0px;\"><tr style=\"margin: 0px; padding: 0px;\"><td style=\"margin: 0px; padding: 0px;\"><img src=\"http://epaper.bjnews.com.cn/images/2015-05/05/B01/wangzch55197_b.jpg\" style=\"margin: 0px; padding: 0px; border: 0px;\"/></td></tr><tr style=\"margin: 0px; padding: 0px;\"><td style=\"margin: 0px; padding: 0px;\">杨华 任中海油董事长<br style=\"margin: 0px; padding: 0px;\"/>此前担任中海油总经理，是中海油的创业元老。2010年4月任中国海洋石油总公司副总经理、党组成员，2011年8月任中国海洋石油总公司董事、总经理。</td></tr></tbody></table></td></tr><tr style=\"margin: 0px; padding: 0px;\"><td style=\"margin: 0px; padding: 0px;\"><table style=\"font-size: 12px; margin-top: 0px; margin-bottom: 0px; padding: 0px;\"><tbody style=\"margin: 0px; padding: 0px;\"><tr style=\"margin: 0px; padding: 0px;\"><td style=\"margin: 0px; padding: 0px;\"><img src=\"http://epaper.bjnews.com.cn/images/2015-05/05/B01/wangzch55198_b.jpg\" style=\"margin: 0px; padding: 0px; border: 0px;\"/></td></tr><tr style=\"margin: 0px; padding: 0px;\"><td style=\"margin: 0px; padding: 0px;\">王宜林 任中石油董事长<br style=\"margin: 0px; padding: 0px;\"/>此次调整前任中海油董事长，其实是中石油“老人”。2003年12月任中国石油天然气集团公司副总经理、党组成员，2011年4月任中国海洋石油总公司董事长、党组书记。</td></tr></tbody></table></td></tr><tr style=\"margin: 0px; padding: 0px;\"><td style=\"margin: 0px; padding: 0px;\"><table style=\"font-size: 12px; margin-top: 0px; margin-bottom: 0px; padding: 0px;\"><tbody style=\"margin: 0px; padding: 0px;\"><tr style=\"margin: 0px; padding: 0px;\"><td style=\"margin: 0px; padding: 0px;\"><img src=\"http://epaper.bjnews.com.cn/images/2015-05/05/B01/wangzch55192_b.jpg\" style=\"margin: 0px; padding: 0px; border: 0px;\"/></td></tr><tr style=\"margin: 0px; padding: 0px;\"><td style=\"margin: 0px; padding: 0px;\">王玉普 任中石化董事长<br style=\"margin: 0px; padding: 0px;\"/>中国工程院院士，油气田开发工程专家。在宣布接任中石化董事长前，为中国工程院副院长、党组副书记（正部长级）。曾在中石油旗下的大庆油田工作近30年。</td></tr></tbody></table></td></tr></tbody></table></div><div class=\"contnt\" style=\"font-size: 14px; font-family: 宋体, Arial, Helvetica, sans-serif; margin: 20px auto 0px; padding: 0px; color: rgb(51, 51, 51); line-height: 26px; clear: both; white-space: normal;\"><founder-content style=\"font-size: 12px; margin: 0px; padding: 0px;\"><p style=\"font-size: 14px; margin-top: 0px; margin-bottom: 0px; padding: 0px;\"></p><p style=\"font-size: 14px; margin-top: 0px; margin-bottom: 0px; padding: 0px;\">　　在交出一季度惨烈的业绩后，三桶油迎来集体换帅。5月4日，中石化、中石油、中海油分别发布公告，宣布公司董事长“换人”。其中，中石化董事长傅成玉、中石油董事长周吉平到龄退休，接任的分别是中国工程院副院长王玉普、中海油董事长王宜林。此外，中海油总经理杨华升任董事长。</p><p style=\"font-size: 14px; margin-top: 0px; margin-bottom: 0px; padding: 0px;\">　　三桶油5月4日迎来集体换帅。四年前，即2011年，三桶油也曾经经历过人事大轮换。此前，三桶油发布了今年一季度财报，其中，石化双雄利润大降超八成。</p><p style=\"font-size: 14px; margin-top: 0px; margin-bottom: 0px; padding: 0px;\">　　三桶油高管“流行”轮换</p><p style=\"font-size: 14px; margin-top: 0px; margin-bottom: 0px; padding: 0px;\">　　本轮调整，可以看作是三桶油之间的高管轮换。四年前，即2011年，三桶油也曾经经历过人事大轮换。董事长方面，傅成玉从中海油到中石化，王宜林从中石油到中海油。与此同时，周吉平和杨华升任中石油和中海油的总经理。</p><p style=\"font-size: 14px; margin-top: 0px; margin-bottom: 0px; padding: 0px;\">　　为何要实行轮换制？中国能源网首席信息官韩晓平对记者表示，石油行业需要专业的干部，需要相当深厚的行业背景，目前只能在行业之间轮换。依据以往的人事调整，干部的选拔更多的来自中石油系统。</p><p style=\"font-size: 14px; margin-top: 0px; margin-bottom: 0px; padding: 0px;\">　　厦门大学能源经济和能源政策协同创新中心主任林伯强也对记者表示，业内轮换，是考虑到行业的高门槛。林伯强说，这一次，两名掌门人是因为年龄到了，需要接任者。系统内轮换是经常的事，好处就是三桶油业务各有侧重，如果身负三大油经验，可以有利于企业的全面发展。</p><p style=\"font-size: 14px; margin-top: 0px; margin-bottom: 0px; padding: 0px;\">　　但林伯强认为，整体国企的改革思路不会因为某个人的离任而有所改变，但领导人的个人风格或多或少会影响公司。比如傅成玉比较开放，就把开放的风气带到了中石化。</p><p style=\"font-size: 14px; margin-top: 0px; margin-bottom: 0px; padding: 0px;\">　　石化双雄交出“最差”成绩单</p><p style=\"font-size: 14px; margin-top: 0px; margin-bottom: 0px; padding: 0px;\">　　三桶油新掌门上任，还肩负着扭转业绩的重担。就在本轮换帅之前，4月底三桶油发布了今年一季度财报。由于低迷的国际油价，三桶油多业务受累，财务数字堪忧。其中，石化双雄利润大降超八成。</p><p style=\"font-size: 14px; margin-top: 0px; margin-bottom: 0px; padding: 0px;\">　　按照中国企业会计准则，一季度中石化实现营业收入人民币4782.41亿元，同比降低25.4%。归属于母公司股东净利润人民币16.85亿元，同比下跌87.5%。这是近十年，中石化最低的一季度净利润。以往一季度可以赚百亿元以上。</p><p style=\"font-size: 14px; margin-top: 0px; margin-bottom: 0px; padding: 0px;\">　　中石油也交出了上市八年来最差的季度成绩单。一季度归属于公司股东净利润为61.5亿元，同比下降82%。自2008年中石油上市后开始披露一季报以来，其一季度净利润首次降到十亿元量级，不足去年的五分之一。此前最差的2009年，一季度净利润也接近200亿元。</p><p style=\"font-size: 14px; margin-top: 0px; margin-bottom: 0px; padding: 0px;\">　　因业务区别较大，中海油披露的数据与石化双雄有些不同，一般只披露油气销售收入。中海油称，由于国际油价大幅下跌，报告期内，公司未经审计的油气销售收入约355.4亿元人民币，同比下降39.9%。</p><p style=\"font-size: 14px; margin-top: 0px; margin-bottom: 0px; padding: 0px;\">　　但值得注意的是，业绩低谷可能很快会过去。随着国际油价近期出现明显的筑底反弹迹象，分析认为，今年一季度应该是两桶油业绩的底部，未来将有所好转。</p><p style=\"font-size: 14px; margin-top: 0px; margin-bottom: 0px; padding: 0px;\">　　新京报记者&nbsp;赵嘉妮</p><p style=\"font-size: 14px; margin-top: 0px; margin-bottom: 0px; padding: 0px;\">　　■&nbsp;延展</p><p style=\"font-size: 14px; margin-top: 0px; margin-bottom: 0px; padding: 0px;\">　　【中石化】&nbsp;送走改革派迎来技术派</p><p style=\"font-size: 14px; margin-top: 0px; margin-bottom: 0px; padding: 0px;\">　　2011年从中海油掌门人职位空降到中石化的傅成玉，今年即将年满64周岁。据记者了解，按照相关规定，央企领导班子成员退休年龄原则上为60岁，根据情况可以放宽到63岁。</p><p style=\"font-size: 14px; margin-top: 0px; margin-bottom: 0px; padding: 0px;\">　　傅成玉执掌中石化的四年间，大刀阔斧进行改革，完成了混合所有制改革的阶段性成果，被业内普遍认为是改革和开放的代表。去年9月15日，中石化宣布，25家境内外投资者以1071亿元的现金认购增资后中石化销售公司29.9%股权。</p><p style=\"font-size: 14px; margin-top: 0px; margin-bottom: 0px; padding: 0px;\">　　中国能源网首席信息官韩晓平对新京报记者表示，到年龄就必须退休的“一刀切”制度设计有待探讨。“能够推动这样大规模的改革、抵抗住内部阻力的人，一时很难找到。短短几年时间，能够驾驭中石化这样的巨型央企，并且进行改革，非常困难。”</p><p style=\"font-size: 14px; margin-top: 0px; margin-bottom: 0px; padding: 0px;\">　　新掌门人王玉普其实是石油行业的“老人”。从1982年到2009年，王玉普在中石油旗下的大庆油田工作近30年。资料显示，王玉普为研究生学历，博士学位，中国工程院院士，油气田开发工程专家。现任中国工程院党组副书记（正部长级）、副院长。</p><p style=\"font-size: 14px; margin-top: 0px; margin-bottom: 0px; padding: 0px;\">　　韩晓平认为，中石化的新掌门王玉普，此前在中国工程院是院士，比较学术型。而中石化的炼油化工的比重比较大，如果沿着傅成玉的改革策略继续进行，再加上合适的学术背景，应该会取得更好的成果。</p><p style=\"font-size: 14px; margin-top: 0px; margin-bottom: 0px; padding: 0px;\">　　【中石油】&nbsp;“老人”王宜林回归执掌</p><p style=\"font-size: 14px; margin-top: 0px; margin-bottom: 0px; padding: 0px;\">　　出生于1952年的周吉平，在中国石油天然气行业拥有逾40年的工作经验，今年也达到63周岁的年龄“限制”。2013年3月，当时的中石油董事长蒋洁敏赴任国资委主任，周吉平成为中石油集团新掌门人。不久后，中石油经历了2013年8月开始爆发的一系列反腐案件，周吉平身负维持正常生产、稳定局面的重任。</p><p style=\"font-size: 14px; margin-top: 0px; margin-bottom: 0px; padding: 0px;\">　　新上任的董事长王宜林，在此次调整前，担任中海油董事长一职，但其实王宜林是中石油的“老人”。简历显示，王宜林2003年12月任中国石油天然气集团公司副总经理、党组成员，2011年4月任中国海洋石油总公司董事长、党组书记。</p><p style=\"font-size: 14px; margin-top: 0px; margin-bottom: 0px; padding: 0px;\">　　韩晓平对新京报记者表示，四年前，王宜林到中海油，给中海油带去了中石油的气质。在“新”企业中海油学习了四年的他，也可能会为“老”中石油注入新鲜气息。由于下游没有及时发展，中海油受限于上游，收购尼克森以及国际油价暴跌，让以往利润颇丰的中海油，在今年一季度也出现了业绩滑坡。</p><p style=\"font-size: 14px; margin-top: 0px; margin-bottom: 0px; padding: 0px;\">　　【中海油】&nbsp;中海油创业元老杨华晋升</p><p style=\"font-size: 14px; margin-top: 0px; margin-bottom: 0px; padding: 0px;\">　　杨华，今年54周岁，此前担任中海油总经理，与傅成玉一样，是中海油的创业元老。据悉，有财务及海外业务背景的他，曾经是中海油收购尼克森的操盘手。</p><p style=\"font-size: 14px; margin-top: 0px; margin-bottom: 0px; padding: 0px;\">　　简历显示，杨华，1961年5月生，1982年8月华东石油学院开发系采油专业大学毕业，2004年5月美国麻省理工学院工商管理专业硕士毕业。</p><p style=\"font-size: 14px; margin-top: 0px; margin-bottom: 0px; padding: 0px;\">　　杨华1982年8月参加工作，历任中国海洋石油勘探开发研究中心开发部经理，中国海洋石油总公司海外发展部副总地质师、副经理兼海外石油天然气有限公司总经理，中国海洋石油有限公司高级副总裁、首席财务官、总裁、首席执行官、副董事长、中国海洋石油总公司总经理助理，2010年4月任中国海洋石油总公司副总经理、党组成员，2011年8月任中国海洋石油总公司董事、总经理。</p><p style=\"font-size: 14px; margin-top: 0px; margin-bottom: 0px; padding: 0px;\">　　韩晓平认为，杨华具有财务背景，熟悉资本市场的运作。而且，杨华与傅成玉都是中海油创业的“老人”，在中海油一路发展壮大的过程中一直搭档着，改革气质可能比较相近，可能与傅成玉“为投资者创造更多价值”等想法比较相像。</p><p style=\"font-size: 14px; margin-top: 0px; margin-bottom: 0px; padding: 0px;\">　　新京报记者&nbsp;赵嘉妮</p></founder-content></div><p><em></em><br/></p>', '0', null, '0', '1', '2', '5', '0');
INSERT INTO `t_news` VALUES ('12', '360新手机发布会门票千元热炒', '今日头条', 'http://toutiao.com/', '2015-05-05 10:29:00', '<p style=\"margin: 6px 3px 0px;padding: 0px;text-indent: 30px;font-family: 微软雅黑\"><span style=\"font-family:微软雅黑;;padding: 0px\">5月6日手机发布会扎堆，其中360手机新品牌发布会的门票被炒到千元以上。虽然价位已经到了4位数，但倒票的黄牛小哥还称其为良心价。原来此次360新手机品牌发布会不仅邀请名额有限不对外发售，并且有爆料称一并推出的还有两款新手机，周鸿祎将亲赴现场回答网友问题。这无数的亮点自然也催生出了高票价。</span></p><p style=\"margin: 6px 3px 0px;padding: 0px;text-indent: 30px;font-family: 微软雅黑\"></p><p style=\"margin-top: 10px;margin-bottom: 0px;padding: 0px;text-align: center;text-indent: 28px\"><span style=\"font-family:微软雅黑;;padding: 0px\"><strong style=\";padding: 0px\"><img height=\"453\" id=\"11870824\" md5=\"\" src=\"http://science.china.com.cn/images/attachement/png/site555/20150504/e89a8ffb139316b18a1739.png\" width=\"256\" style=\";padding: 0px;border: 0px\"/><span style=\";padding: 0px\">&nbsp;</span><img height=\"453\" id=\"11870825\" md5=\"\" src=\"http://science.china.com.cn/images/attachement/png/site555/20150504/e89a8ffb139316b18a173a.png\" width=\"256\" style=\";padding: 0px;border: 0px\"/></strong></span></p><p><span style=\"font-family:微软雅黑;;padding: 0px\"><span style=\";padding: 0px;font-family: Calibri;font-size: 14px\"></span></span></p><p style=\"margin: 6px 3px 0px;padding: 0px;text-align: center;text-indent: 30px;font-family: 微软雅黑\">图1：网友在微信上晒出购得360新手机发布会门票的成交单</p><p style=\"margin: 6px 3px 0px;padding: 0px;text-indent: 30px;font-family: 微软雅黑\"><span style=\"font-family:微软雅黑;;padding: 0px\">之前，360官方表示通过各种渠道开展邀请“老朋友”到发布会聊聊，几种参与方式也需要拿出足够的诚意和点子才能获得入场门票。而在距离开场仅剩两天时间，网上惊现“360新手机发布会门票”并被黄牛售卖千元一张，可见为了获得利益，黄牛小哥也是煞费苦心，由于票源紧俏，供不应求，票价也没有丝毫还价余地。</span></p><p style=\"margin: 6px 3px 0px;padding: 0px;text-indent: 30px;font-family: 微软雅黑\"></p><p style=\"text-align: center; margin-top: 0px; margin-bottom: 0px; padding: 0px;\"><span style=\"font-family:微软雅黑;;padding: 0px\"><strong style=\";padding: 0px\"><img height=\"461\" id=\"11870826\" md5=\"\" src=\"http://science.china.com.cn/images/attachement/png/site555/20150504/e89a8ffb139316b18a213b.png\" width=\"554\" style=\";padding: 0px;border: 0px\"/></strong></span></p><p style=\"margin: 6px 3px 0px;padding: 0px;text-align: center;text-indent: 30px;font-family: 微软雅黑\"><span style=\"font-family:微软雅黑;;padding: 0px\"><strong style=\";padding: 0px\">图2：淘宝售卖的360新手机发布会门票</strong></span></p><p style=\"margin: 6px 3px 0px;padding: 0px;text-indent: 30px;font-family: 微软雅黑\"><span style=\"font-family:微软雅黑;;padding: 0px\">近年来锤子、小米、乐视等企业都采用了销售门票的方式让粉丝参与发布会，由于可以第一时间接触到新品，并且能收到企业赠送的诱人礼物，这些发布会门票往往被淘宝黄牛炒到高价，但如360新手机发布会一样能炒到千元价格，在圈内并不多见。</span></p><p style=\"margin: 6px 3px 0px;padding: 0px;text-indent: 30px;font-family: 微软雅黑\"><span style=\"font-family:微软雅黑;;padding: 0px\">不得不承认，周鸿祎确实影响力不小，尤其是360斥4.09亿巨资收购酷派，宣布成立新公司推出360OS操作系统以及代号为AK47的新品牌手机，周鸿祎的一举一动便受到媒体及业界广泛关注。而周鸿祎对新手机项目采取严格保密的态度，更是吊足了粉丝们的胃口。</span></p><p style=\"margin: 6px 3px 0px;padding: 0px;text-indent: 30px\"><span style=\"font-family:微软雅黑;;padding: 0px\">目前关于360新手机情况几乎还是一无所知，但有媒体猜测，360新手机品牌名或与旗下电商名称一致为“奇酷”，但也有互联网人士传言称“悟空”名字与360气质更符。关于新手机设计问题，此前路透社消息显示，360新手机已申请无边框技术专利，这意味着360手机可能具备无边框视觉效果。</span></p>', '0', null, '0', '1', '2', '4', '0');
INSERT INTO `t_news` VALUES ('13', '芭比娃娃总部被骗320万美元', '今日头条', 'http://toutiao.com/', '2015-05-05 10:29:42', '<p style=\"word-wrap: break-word; margin-top: 0px; text-align: justify; margin-bottom: 14px; color: rgb(48, 48, 48); font-family: helvetica; font-size: 18px; line-height: 27px; white-space: normal; background-color: rgb(245, 245, 245);\">5月3日，有网友发帖称：美国芭比娃娃总部派人来温州，向温州鹿城警方报案，称有320万美元被骗，钱被汇到温州银行。经记者核实，温州鹿城警方确实已接到报案，目前已立案调查。</p><p style=\"word-wrap: break-word; margin-top: 0px; text-align: justify; margin-bottom: 14px; color: rgb(48, 48, 48); font-family: helvetica; font-size: 18px; line-height: 27px; white-space: normal; background-color: rgb(245, 245, 245);\"><strong>美国一公司被骗巨款 钱已汇至温州银行</strong></p><p style=\"word-wrap: break-word; margin-top: 0px; text-align: justify; margin-bottom: 14px; color: rgb(48, 48, 48); font-family: helvetica; font-size: 18px; line-height: 27px; white-space: normal; background-color: rgb(245, 245, 245);\"><strong>网帖爆料</strong></p><p style=\"word-wrap: break-word; margin-top: 0px; text-align: justify; margin-bottom: 14px; color: rgb(48, 48, 48); font-family: helvetica; font-size: 18px; line-height: 27px; white-space: normal; background-color: rgb(245, 245, 245);\">5月3日下午，网友“習文慣步”在微博上发帖，称在温州市鹿城区公安分局绣山派出所，见到一名“老外”和一中国籍男子来寻求帮助。他们自称是美国芭比娃娃总部派来的，有骗子冒充他们公司新上任的CEO，骗走了320万美元，经查这笔钱已经汇到温州银行，正好“五一”放假，钱没提出来，他们想让警方出面冻结该账户。</p><p style=\"word-wrap: break-word; margin-top: 0px; text-align: justify; margin-bottom: 14px; color: rgb(48, 48, 48); font-family: helvetica; font-size: 18px; line-height: 27px; white-space: normal; background-color: rgb(245, 245, 245);\">据绣山派出所工作人员透露，他们派出所确实有接到这样的报警。该名工作人员说，对方报警称遭遇了诈骗，钱是通过“电邮诈骗”的方式骗走的，犯罪嫌疑人应该会被找到，具体情况值班民警不太清楚。</p><p style=\"word-wrap: break-word; margin-top: 0px; text-align: justify; margin-bottom: 14px; color: rgb(48, 48, 48); font-family: helvetica; font-size: 18px; line-height: 27px; white-space: normal; background-color: rgb(245, 245, 245);\"><strong>骗子冒充芭比总部高管 说要收购一家公司</strong></p><p style=\"word-wrap: break-word; margin-top: 0px; text-align: justify; margin-bottom: 14px; color: rgb(48, 48, 48); font-family: helvetica; font-size: 18px; line-height: 27px; white-space: normal; background-color: rgb(245, 245, 245);\"><strong>知情者说</strong></p><p style=\"word-wrap: break-word; margin-top: 0px; text-align: justify; margin-bottom: 14px; color: rgb(48, 48, 48); font-family: helvetica; font-size: 18px; line-height: 27px; white-space: normal; background-color: rgb(245, 245, 245);\">昨晚，记者辗转联系上一知情人士。</p><p style=\"word-wrap: break-word; margin-top: 0px; text-align: justify; margin-bottom: 14px; color: rgb(48, 48, 48); font-family: helvetica; font-size: 18px; line-height: 27px; white-space: normal; background-color: rgb(245, 245, 245);\">该知情人士介绍：3日上午10时左右，一名江苏籍刘姓男子来到鹿城公安分局绣山派出所报警。刘某自称是美国美泰公司（该公司拥有著名玩具品牌“芭比”）的人。刘某说，美国美泰公司总部的财务总监收到一份冒充公司总部高层管理人员身份发来的邮件，对方在邮件中说要收购一家公司，需要300多万美元。</p><p style=\"word-wrap: break-word; margin-top: 0px; text-align: justify; margin-bottom: 14px; color: rgb(48, 48, 48); font-family: helvetica; font-size: 18px; line-height: 27px; white-space: normal; background-color: rgb(245, 245, 245);\">于是，财务总监在5月2日上午将这笔320多万美元的款项汇至对方指定的账户上。后来，美国美泰公司方面发现这是诈骗，并查到相关账户是在温州银行开的户，于是立即采取了相应措施。目前，美国美泰公司已在美国当地报案，并已立案调查。</p><p style=\"word-wrap: break-word; margin-top: 0px; text-align: justify; margin-bottom: 14px; color: rgb(48, 48, 48); font-family: helvetica; font-size: 18px; line-height: 27px; white-space: normal; background-color: rgb(245, 245, 245);\"><strong>温州警方已立案调查 相关账户已被冻结</strong></p><p style=\"word-wrap: break-word; margin-top: 0px; text-align: justify; margin-bottom: 14px; color: rgb(48, 48, 48); font-family: helvetica; font-size: 18px; line-height: 27px; white-space: normal; background-color: rgb(245, 245, 245);\"><strong>记者核实</strong></p><p style=\"word-wrap: break-word; margin-top: 0px; text-align: justify; margin-bottom: 14px; color: rgb(48, 48, 48); font-family: helvetica; font-size: 18px; line-height: 27px; white-space: normal; background-color: rgb(245, 245, 245);\">昨日下午，记者来到温州银行求证。温州银行股份有限公司一值班工作人员证实，5月2日，确实有一位姓刘的男子向他们银行反映了此事，对方还要求银行冻结相关账户。据了解，这笔钱是从美国汇到温州银行的，钱还在“途中”，目前并没有到账。昨日上午，银行已配合公安部门，冻结了相关账户。</p><p style=\"word-wrap: break-word; margin-top: 0px; text-align: justify; margin-bottom: 14px; color: rgb(48, 48, 48); font-family: helvetica; font-size: 18px; line-height: 27px; white-space: normal; background-color: rgb(245, 245, 245);\">昨日，记者从鹿城公安分局了解到，目前此事已经移交至该局刑侦部门进行立案调查。</p><p style=\"word-wrap: break-word; margin-top: 0px; text-align: justify; margin-bottom: 14px; color: rgb(48, 48, 48); font-family: helvetica; font-size: 18px; line-height: 27px; white-space: normal; background-color: rgb(245, 245, 245);\">据警方透露，被冻结的账户为某公司账户，目前案件正在调查中。</p><p style=\"word-wrap: break-word; margin-top: 0px; text-align: justify; margin-bottom: 14px; color: rgb(48, 48, 48); font-family: helvetica; font-size: 18px; line-height: 27px; white-space: normal; background-color: rgb(245, 245, 245);\">来源：现代金报</p><p><br/></p>', '0', null, '0', '1', '4', '4', '0');
INSERT INTO `t_news` VALUES ('14', '殴打女司机男子行车记录视频曝光', '今日头条', 'http://toutiao.com/', '2015-05-05 10:30:33', '<p style=\"word-wrap: break-word; margin-top: 0px; text-align: justify; margin-bottom: 14px; color: rgb(48, 48, 48); font-family: helvetica; font-size: 18px; line-height: 27px; white-space: normal; background-color: rgb(245, 245, 245);\"><img src=\"http://a1.peoplecdn.cn/06fa1cd4717c3561d17eda387b1b056e.jpg@1l\" style=\"display: block; margin: 0px auto; max-width: 100%; border-top-left-radius: 4px; border-top-right-radius: 4px; border-bottom-right-radius: 4px; border-bottom-left-radius: 4px; background: url(http://s2.pstatp.com/inapp/image_bg_day.png) 50% 50% / 118px no-repeat rgb(239, 239, 239);\"/></p><p style=\"word-wrap: break-word; margin-top: 0px; text-align: justify; margin-bottom: 14px; color: rgb(48, 48, 48); font-family: helvetica; font-size: 18px; line-height: 27px; white-space: normal; background-color: rgb(245, 245, 245);\">行车记录仪还原事件全程:两次“斗车”开窗互相喊话</p><p style=\"word-wrap: break-word; margin-top: 0px; text-align: justify; margin-bottom: 14px; color: rgb(48, 48, 48); font-family: helvetica; font-size: 18px; line-height: 27px; white-space: normal; background-color: rgb(245, 245, 245);\">四川新闻网成都5月4日讯(记者杜玉全)昨(3)日,卢女士在驾车前往三圣乡途中,因行驶变道原因在娇子立交被张某驾车逼停,随后遭到殴打致伤。今日下午,锦江公安成龙派出所就此事对外公布案情。</p><p style=\"word-wrap: break-word; margin-top: 0px; text-align: justify; margin-bottom: 14px; color: rgb(48, 48, 48); font-family: helvetica; font-size: 18px; line-height: 27px; white-space: normal; background-color: rgb(245, 245, 245);\">四川新闻网记者从警方提供的一份张某车上的行车记录视频中看到,在航天立交到娇子立交之间,被殴打的卢女士曾两次突然变道险造事故。期间,双方都有互相喊话的举动,疑似斗气。</p><p style=\"word-wrap: break-word; margin-top: 0px; text-align: justify; margin-bottom: 14px; color: rgb(48, 48, 48); font-family: helvetica; font-size: 18px; line-height: 27px; white-space: normal; background-color: rgb(245, 245, 245);\"><img src=\"http://a4.peoplecdn.cn/6b181ce0853662c4e5a04a7ee1cf9bae.jpg@1l\" style=\"display: block; margin: 0px auto; max-width: 100%; border-top-left-radius: 4px; border-top-right-radius: 4px; border-bottom-right-radius: 4px; border-bottom-left-radius: 4px; background: url(http://s2.pstatp.com/inapp/image_bg_day.png) 50% 50% / 118px no-repeat rgb(239, 239, 239);\"/></p><p style=\"word-wrap: break-word; margin-top: 0px; text-align: justify; margin-bottom: 14px; color: rgb(48, 48, 48); font-family: helvetica; font-size: 18px; line-height: 27px; white-space: normal; background-color: rgb(245, 245, 245);\">第一次①:卢女士变道,由三环主道从左往右第二车道变向第三车道</p><p style=\"word-wrap: break-word; margin-top: 0px; text-align: justify; margin-bottom: 14px; color: rgb(48, 48, 48); font-family: helvetica; font-size: 18px; line-height: 27px; white-space: normal; background-color: rgb(245, 245, 245);\"><img src=\"http://a3.peoplecdn.cn/29f9e9e02259c9f146748289c96cc82c.jpg@1l\" style=\"display: block; margin: 0px auto; max-width: 100%; border-top-left-radius: 4px; border-top-right-radius: 4px; border-bottom-right-radius: 4px; border-bottom-left-radius: 4px; background: url(http://s2.pstatp.com/inapp/image_bg_day.png) 50% 50% / 118px no-repeat rgb(239, 239, 239);\"/></p><p style=\"word-wrap: break-word; margin-top: 0px; text-align: justify; margin-bottom: 14px; color: rgb(48, 48, 48); font-family: helvetica; font-size: 18px; line-height: 27px; white-space: normal; background-color: rgb(245, 245, 245);\">第一次②:卢女士经主道第三车道继续穿行至第四车道,驶向出口</p><p style=\"word-wrap: break-word; margin-top: 0px; text-align: justify; margin-bottom: 14px; color: rgb(48, 48, 48); font-family: helvetica; font-size: 18px; line-height: 27px; white-space: normal; background-color: rgb(245, 245, 245);\"><img src=\"http://a2.peoplecdn.cn/fdfc841aac12cb123f7fd0d8f094b0f0.jpg@1l\" style=\"display: block; margin: 0px auto; max-width: 100%; border-top-left-radius: 4px; border-top-right-radius: 4px; border-bottom-right-radius: 4px; border-bottom-left-radius: 4px; background: url(http://s2.pstatp.com/inapp/image_bg_day.png) 50% 50% / 118px no-repeat rgb(239, 239, 239);\"/></p><p style=\"word-wrap: break-word; margin-top: 0px; text-align: justify; margin-bottom: 14px; color: rgb(48, 48, 48); font-family: helvetica; font-size: 18px; line-height: 27px; white-space: normal; background-color: rgb(245, 245, 245);\">第一次③:张某与卢女士的车一同驶出主道进入辅道</p><p style=\"word-wrap: break-word; margin-top: 0px; text-align: justify; margin-bottom: 14px; color: rgb(48, 48, 48); font-family: helvetica; font-size: 18px; line-height: 27px; white-space: normal; background-color: rgb(245, 245, 245);\"><strong>第一次</strong></p><p style=\"word-wrap: break-word; margin-top: 0px; text-align: justify; margin-bottom: 14px; color: rgb(48, 48, 48); font-family: helvetica; font-size: 18px; line-height: 27px; white-space: normal; background-color: rgb(245, 245, 245);\"><strong>时间:5月3日14时12分(行车记录仪显示时间)</strong></p><p style=\"word-wrap: break-word; margin-top: 0px; text-align: justify; margin-bottom: 14px; color: rgb(48, 48, 48); font-family: helvetica; font-size: 18px; line-height: 27px; white-space: normal; background-color: rgb(245, 245, 245);\"><strong>地点:航天立交—娇子立交三环主道三圣乡出口</strong></p><p style=\"word-wrap: break-word; margin-top: 0px; text-align: justify; margin-bottom: 14px; color: rgb(48, 48, 48); font-family: helvetica; font-size: 18px; line-height: 27px; white-space: normal; background-color: rgb(245, 245, 245);\">视频中,张某驾驶车辆从成渝立交往航天立交行驶。期间,可以听到车内有小孩及女子说话的声音。</p><p style=\"word-wrap: break-word; margin-top: 0px; text-align: justify; margin-bottom: 14px; color: rgb(48, 48, 48); font-family: helvetica; font-size: 18px; line-height: 27px; white-space: normal; background-color: rgb(245, 245, 245);\">当车辆驶过航天立交时,张某一直处于从左往右第三车道。14时12分44秒时,驾驶车辆并处于第二车道的卢女士,打起右侧转弯灯向张某所在的第三车道变道,并从张某车辆前方穿过,随后继续穿过第四车道经“三圣乡出口”驶出三环主道进入辅道。</p><p style=\"word-wrap: break-word; margin-top: 0px; text-align: justify; margin-bottom: 14px; color: rgb(48, 48, 48); font-family: helvetica; font-size: 18px; line-height: 27px; white-space: normal; background-color: rgb(245, 245, 245);\">变道过程中,张某曾长按喇叭,其车头险与卢女士车辆追尾。接着,张某在同一出口驶出三环主道进入辅道。而后,张某驾车加速,与本处于前方的卢女士车辆平行,并向外侧转向,将卢女士车辆别到辅道第三车道外。随后张某超车前行,将卢女士甩在后方。过程中,张某曾自语,“开不来嗦。”</p><p style=\"word-wrap: break-word; margin-top: 0px; text-align: justify; margin-bottom: 14px; color: rgb(48, 48, 48); font-family: helvetica; font-size: 18px; line-height: 27px; white-space: normal; background-color: rgb(245, 245, 245);\"><img src=\"http://a3.peoplecdn.cn/62d47bc5d3cad11c22a5aa596c7c4c91.jpg@1l\" style=\"display: block; margin: 0px auto; max-width: 100%; border-top-left-radius: 4px; border-top-right-radius: 4px; border-bottom-right-radius: 4px; border-bottom-left-radius: 4px; background: url(http://s2.pstatp.com/inapp/image_bg_day.png) 50% 50% / 118px no-repeat rgb(239, 239, 239);\"/></p><p style=\"word-wrap: break-word; margin-top: 0px; text-align: justify; margin-bottom: 14px; color: rgb(48, 48, 48); font-family: helvetica; font-size: 18px; line-height: 27px; white-space: normal; background-color: rgb(245, 245, 245);\">第二次①:卢女士变道,张某的车避让后驶入最右侧非机动车道</p><p style=\"word-wrap: break-word; margin-top: 0px; text-align: justify; margin-bottom: 14px; color: rgb(48, 48, 48); font-family: helvetica; font-size: 18px; line-height: 27px; white-space: normal; background-color: rgb(245, 245, 245);\"><img src=\"http://a1.peoplecdn.cn/c84156deb446dca0ad05e483566d6d95.jpg@1l\" style=\"display: block; margin: 0px auto; max-width: 100%; border-top-left-radius: 4px; border-top-right-radius: 4px; border-bottom-right-radius: 4px; border-bottom-left-radius: 4px; background: url(http://s2.pstatp.com/inapp/image_bg_day.png) 50% 50% / 118px no-repeat rgb(239, 239, 239);\"/></p><p style=\"word-wrap: break-word; margin-top: 0px; text-align: justify; margin-bottom: 14px; color: rgb(48, 48, 48); font-family: helvetica; font-size: 18px; line-height: 27px; white-space: normal; background-color: rgb(245, 245, 245);\">第二次②:张某在卢女士车后变道</p><p style=\"word-wrap: break-word; margin-top: 0px; text-align: justify; margin-bottom: 14px; color: rgb(48, 48, 48); font-family: helvetica; font-size: 18px; line-height: 27px; white-space: normal; background-color: rgb(245, 245, 245);\"><img src=\"http://a1.peoplecdn.cn/81d630fc19895b0d2efc532e4e6e17e0.jpg@1l\" style=\"display: block; margin: 0px auto; max-width: 100%; border-top-left-radius: 4px; border-top-right-radius: 4px; border-bottom-right-radius: 4px; border-bottom-left-radius: 4px; background: url(http://s2.pstatp.com/inapp/image_bg_day.png) 50% 50% / 118px no-repeat rgb(239, 239, 239);\"/></p><p style=\"word-wrap: break-word; margin-top: 0px; text-align: justify; margin-bottom: 14px; color: rgb(48, 48, 48); font-family: helvetica; font-size: 18px; line-height: 27px; white-space: normal; background-color: rgb(245, 245, 245);\">第二次③:张某在后方变道至道路左侧并叫骂。前方卢女士将头扭向左侧,朝张某喊话,言语内容不详</p><p style=\"word-wrap: break-word; margin-top: 0px; text-align: justify; margin-bottom: 14px; color: rgb(48, 48, 48); font-family: helvetica; font-size: 18px; line-height: 27px; white-space: normal; background-color: rgb(245, 245, 245);\"><strong>第二次</strong></p><p style=\"word-wrap: break-word; margin-top: 0px; text-align: justify; margin-bottom: 14px; color: rgb(48, 48, 48); font-family: helvetica; font-size: 18px; line-height: 27px; white-space: normal; background-color: rgb(245, 245, 245);\"><strong>时间:5月3日14时13分30秒至35秒</strong></p><p style=\"word-wrap: break-word; margin-top: 0px; text-align: justify; margin-bottom: 14px; color: rgb(48, 48, 48); font-family: helvetica; font-size: 18px; line-height: 27px; white-space: normal; background-color: rgb(245, 245, 245);\"><strong>地点:航天立交—娇子立交三环辅道</strong></p><p style=\"word-wrap: break-word; margin-top: 0px; text-align: justify; margin-bottom: 14px; color: rgb(48, 48, 48); font-family: helvetica; font-size: 18px; line-height: 27px; white-space: normal; background-color: rgb(245, 245, 245);\">张某的车在正常行驶中。14时13分30秒时,张某车辆突然从辅道第三车道偏离至非机动车道(辅道最右侧)。而在同一时间,卢女士车辆则在张某车辆左侧出现并行驶在从右往左第二根道。</p><p style=\"word-wrap: break-word; margin-top: 0px; text-align: justify; margin-bottom: 14px; color: rgb(48, 48, 48); font-family: helvetica; font-size: 18px; line-height: 27px; white-space: normal; background-color: rgb(245, 245, 245);\">而后,张某从卢女士车后方变道,行驶到卢女士汽车左侧。这时,卢女士则也向左打方向盘,张某顺势向左偏。从14时13分35秒到40秒之间,两车几乎呈“S”型并排向前行驶。而张某车内的小孩则不停哭泣并喊“妈妈”。张某则大喊,“开不来嗦,＊婆娘。”</p><p style=\"word-wrap: break-word; margin-top: 0px; text-align: justify; margin-bottom: 14px; color: rgb(48, 48, 48); font-family: helvetica; font-size: 18px; line-height: 27px; white-space: normal; background-color: rgb(245, 245, 245);\">四川新闻网记者注意到,在14时13分35秒时,处于前方的卢女士隔着摇下玻璃的车门,将头扭向左侧,朝张某所在车辆喊话。不过,视频中听不清卢女士的言语。</p><p style=\"word-wrap: break-word; margin-top: 0px; text-align: justify; margin-bottom: 14px; color: rgb(48, 48, 48); font-family: helvetica; font-size: 18px; line-height: 27px; white-space: normal; background-color: rgb(245, 245, 245);\"><img src=\"http://a4.peoplecdn.cn/6449a355caca480e5941f1834fe7cfed.jpg@1l\" style=\"display: block; margin: 0px auto; max-width: 100%; border-top-left-radius: 4px; border-top-right-radius: 4px; border-bottom-right-radius: 4px; border-bottom-left-radius: 4px; background: url(http://s2.pstatp.com/inapp/image_bg_day.png) 50% 50% / 118px no-repeat rgb(239, 239, 239);\"/></p><p style=\"word-wrap: break-word; margin-top: 0px; text-align: justify; margin-bottom: 14px; color: rgb(48, 48, 48); font-family: helvetica; font-size: 18px; line-height: 27px; white-space: normal; background-color: rgb(245, 245, 245);\">停车①:娇子立交桥下,卢女士车辆出现在张某左侧,随后被张某驾车逼停</p><p style=\"word-wrap: break-word; margin-top: 0px; text-align: justify; margin-bottom: 14px; color: rgb(48, 48, 48); font-family: helvetica; font-size: 18px; line-height: 27px; white-space: normal; background-color: rgb(245, 245, 245);\"><img src=\"http://a3.peoplecdn.cn/c8021e2a26718512f0e3aa4fd0db01d5.jpg@1l\" style=\"display: block; margin: 0px auto; max-width: 100%; border-top-left-radius: 4px; border-top-right-radius: 4px; border-bottom-right-radius: 4px; border-bottom-left-radius: 4px; background: url(http://s2.pstatp.com/inapp/image_bg_day.png) 50% 50% / 118px no-repeat rgb(239, 239, 239);\"/></p><p style=\"word-wrap: break-word; margin-top: 0px; text-align: justify; margin-bottom: 14px; color: rgb(48, 48, 48); font-family: helvetica; font-size: 18px; line-height: 27px; white-space: normal; background-color: rgb(245, 245, 245);\">停车②:张某逼停卢女士后,围观群众向车辆靠近</p><p style=\"word-wrap: break-word; margin-top: 0px; text-align: justify; margin-bottom: 14px; color: rgb(48, 48, 48); font-family: helvetica; font-size: 18px; line-height: 27px; white-space: normal; background-color: rgb(245, 245, 245);\"><strong>停车</strong></p><p style=\"word-wrap: break-word; margin-top: 0px; text-align: justify; margin-bottom: 14px; color: rgb(48, 48, 48); font-family: helvetica; font-size: 18px; line-height: 27px; white-space: normal; background-color: rgb(245, 245, 245);\"><strong>时间:5月3日14时14分32秒</strong></p><p style=\"word-wrap: break-word; margin-top: 0px; text-align: justify; margin-bottom: 14px; color: rgb(48, 48, 48); font-family: helvetica; font-size: 18px; line-height: 27px; white-space: normal; background-color: rgb(245, 245, 245);\"><strong>地点:娇子立交桥下</strong></p><p style=\"word-wrap: break-word; margin-top: 0px; text-align: justify; margin-bottom: 14px; color: rgb(48, 48, 48); font-family: helvetica; font-size: 18px; line-height: 27px; white-space: normal; background-color: rgb(245, 245, 245);\">14时14分23秒,张某在车内喊道“来来来!”,张某妻子则喊道“你吼锤子吼。”此时,卢女士的车头出现在视频中,并处于张某车辆左侧。</p><p style=\"word-wrap: break-word; margin-top: 0px; text-align: justify; margin-bottom: 14px; color: rgb(48, 48, 48); font-family: helvetica; font-size: 18px; line-height: 27px; white-space: normal; background-color: rgb(245, 245, 245);\">“哎呀,停在边上,停在边上。”随后,张某边说话,边将车子向左转向,最后停车,卢女士也被逼停。而后,张某打开车门下了车。</p><p style=\"word-wrap: break-word; margin-top: 0px; text-align: justify; margin-bottom: 14px; color: rgb(48, 48, 48); font-family: helvetica; font-size: 18px; line-height: 27px; white-space: normal; background-color: rgb(245, 245, 245);\">随后,多辆车从旁边驶过,一电瓶车车主还停车扭头向后看。车内张某妻子则疑似给人打电话称:“我们在那个桥底下,有个车子别我们,差点把娃娃撞到。”紧接着,其妻子喊道:“老子娃娃今天要是有事的话,今天抖死你,我说大家要讲道理,你说你别了我们多少下……”</p><p style=\"word-wrap: break-word; margin-top: 0px; text-align: justify; margin-bottom: 14px; color: rgb(48, 48, 48); font-family: helvetica; font-size: 18px; line-height: 27px; white-space: normal; background-color: rgb(245, 245, 245);\">14时15分43秒,周围群众向车辆走过来(视频终)。</p><p style=\"word-wrap: break-word; margin-top: 0px; text-align: justify; margin-bottom: 14px; color: rgb(48, 48, 48); font-family: helvetica; font-size: 18px; line-height: 27px; white-space: normal; background-color: rgb(245, 245, 245);\"><strong>相关报道:</strong></p><p style=\"word-wrap: break-word; margin-top: 0px; text-align: justify; margin-bottom: 14px; color: rgb(48, 48, 48); font-family: helvetica; font-size: 18px; line-height: 27px; white-space: normal; background-color: rgb(245, 245, 245);\"><strong>男子逼停殴打女司机续:当事人道歉称很后悔</strong></p><p style=\"word-wrap: break-word; margin-top: 0px; text-align: justify; margin-bottom: 14px; color: rgb(48, 48, 48); font-family: helvetica; font-size: 18px; line-height: 27px; white-space: normal; background-color: rgb(245, 245, 245);\">2015-05-0418:52:05成都商报</p><p style=\"word-wrap: break-word; margin-top: 0px; text-align: justify; margin-bottom: 14px; color: rgb(48, 48, 48); font-family: helvetica; font-size: 18px; line-height: 27px; white-space: normal; background-color: rgb(245, 245, 245);\"><img src=\"http://a4.peoplecdn.cn/4e1552c3780e1c51dda96e318155548d.jpg@1l\" style=\"display: block; margin: 0px auto; max-width: 100%; border-top-left-radius: 4px; border-top-right-radius: 4px; border-bottom-right-radius: 4px; border-bottom-left-radius: 4px; background: url(http://s2.pstatp.com/inapp/image_bg_day.png) 50% 50% / 118px no-repeat rgb(239, 239, 239);\"/></p><p style=\"word-wrap: break-word; margin-top: 0px; text-align: justify; margin-bottom: 14px; color: rgb(48, 48, 48); font-family: helvetica; font-size: 18px; line-height: 27px; white-space: normal; background-color: rgb(245, 245, 245);\">微博截图</p><p style=\"word-wrap: break-word; margin-top: 0px; text-align: justify; margin-bottom: 14px; color: rgb(48, 48, 48); font-family: helvetica; font-size: 18px; line-height: 27px; white-space: normal; background-color: rgb(245, 245, 245);\">昨日(3日)下午发生在锦江区娇子立交十字路口处的惊悚一幕,一女性司机卢某变道迫使一男性司机张某急刹,引起张某不满。于是张某开车逼停卢某,并强行将卢某拖出驾驶室,然后进行长达几十秒的暴打。整个过程触目惊心,其中,他踢中卢某脸部4次,最终女司机卢某以昏迷状态被送往医院,致左脸面部轻微骨折及全身多处软组织挫伤。</p><p style=\"word-wrap: break-word; margin-top: 0px; text-align: justify; margin-bottom: 14px; color: rgb(48, 48, 48); font-family: helvetica; font-size: 18px; line-height: 27px; white-space: normal; background-color: rgb(245, 245, 245);\">此外,在热心路人制止张某动粗,并报警等待警察赶来时,张某还拿出螺丝刀划伤一名40岁左右的的哥。</p><p style=\"word-wrap: break-word; margin-top: 0px; text-align: justify; margin-bottom: 14px; color: rgb(48, 48, 48); font-family: helvetica; font-size: 18px; line-height: 27px; white-space: normal; background-color: rgb(245, 245, 245);\"><strong>男子现已道歉,女方家属希望打人司机受到严惩</strong></p><p style=\"word-wrap: break-word; margin-top: 0px; text-align: justify; margin-bottom: 14px; color: rgb(48, 48, 48); font-family: helvetica; font-size: 18px; line-height: 27px; white-space: normal; background-color: rgb(245, 245, 245);\">据成都商报记者最新了解,现该男子因寻衅滋事罪被锦江公安分局刑事拘留。张某已在派出所忏悔,向受害女司机卢某道歉,并告诫所有年轻人不要踏上同样的路,“退一步海阔天空”。肇事者老婆也道歉:“希望受伤的姑娘和的哥给我丈夫和家庭一个改过自新的机会”。</p><p style=\"word-wrap: break-word; margin-top: 0px; text-align: justify; margin-bottom: 14px; color: rgb(48, 48, 48); font-family: helvetica; font-size: 18px; line-height: 27px; white-space: normal; background-color: rgb(245, 245, 245);\">在另一方,经鉴定,受伤的的哥头部、面部受到皮外伤,而受害女司机卢某的伤情有待进一步司法鉴定。受害女司机家属称,截至目前为止,打人者家属并未到医院致歉,女孩医药费均是女孩一方垫付。看着女孩身上的伤口,女孩母亲一夜未眠,称从小就没打过骂过女儿,没想到会女儿竟会遭到如此暴力的痛打。女孩家属表示,希望在尊重法律的基础上,让打人司机得到严惩。</p><p style=\"word-wrap: break-word; margin-top: 0px; text-align: justify; margin-bottom: 14px; color: rgb(48, 48, 48); font-family: helvetica; font-size: 18px; line-height: 27px; white-space: normal; background-color: rgb(245, 245, 245);\"><strong>打人司机陈述事件过程</strong></p><p style=\"word-wrap: break-word; margin-top: 0px; text-align: justify; margin-bottom: 14px; color: rgb(48, 48, 48); font-family: helvetica; font-size: 18px; line-height: 27px; white-space: normal; background-color: rgb(245, 245, 245);\">男子在接受警方调查时说,女司机变道出三环主道时,逼了自己车一下,导致自己踩了急刹车,让自己1岁孩子的脸碰在车窗上,哇哇大哭,自己的车也被逼出了三环主道。自己气不过,就开车在辅道上逼了女司机,直到逼停女司机。</p><p style=\"word-wrap: break-word; margin-top: 0px; text-align: justify; margin-bottom: 14px; color: rgb(48, 48, 48); font-family: helvetica; font-size: 18px; line-height: 27px; white-space: normal; background-color: rgb(245, 245, 245);\">当时他以为女司机连续变道违反交通规则阻拦了自己,但从视频监控来看,女司机并未违反交通规则。</p><p style=\"word-wrap: break-word; margin-top: 0px; text-align: justify; margin-bottom: 14px; color: rgb(48, 48, 48); font-family: helvetica; font-size: 18px; line-height: 27px; white-space: normal; background-color: rgb(245, 245, 245);\">对于此事,网络上主要以斥责该男司机的举动为主,同时,“女司机为何不落锁”“1岁小孩为何没坐安全椅”也成为热议焦点:</p><p style=\"word-wrap: break-word; margin-top: 0px; text-align: justify; margin-bottom: 14px; color: rgb(48, 48, 48); font-family: helvetica; font-size: 18px; line-height: 27px; white-space: normal; background-color: rgb(245, 245, 245);\">@李伯清:男人怎么能打女人,而且是往死里打!太不像话了!</p><p style=\"word-wrap: break-word; margin-top: 0px; text-align: justify; margin-bottom: 14px; color: rgb(48, 48, 48); font-family: helvetica; font-size: 18px; line-height: 27px; white-space: normal; background-color: rgb(245, 245, 245);\">@Miya_Teng:道歉有用的话,还要警察干嘛?</p><p style=\"word-wrap: break-word; margin-top: 0px; text-align: justify; margin-bottom: 14px; color: rgb(48, 48, 48); font-family: helvetica; font-size: 18px; line-height: 27px; white-space: normal; background-color: rgb(245, 245, 245);\">@_Trina小楠_:不管有意无意都不是实施暴力的借口!!看这个男人这么残忍还好意思说人家吓到他的孩子!他把人打到骨折还捅人他的孩子就不害怕了吗?垃圾!!!</p><p style=\"word-wrap: break-word; margin-top: 0px; text-align: justify; margin-bottom: 14px; color: rgb(48, 48, 48); font-family: helvetica; font-size: 18px; line-height: 27px; white-space: normal; background-color: rgb(245, 245, 245);\">@親親楊小咩:他的行为让他孩子受到了更大的惊下!可能娃儿心理都扭曲了…</p><p style=\"word-wrap: break-word; margin-top: 0px; text-align: justify; margin-bottom: 14px; color: rgb(48, 48, 48); font-family: helvetica; font-size: 18px; line-height: 27px; white-space: normal; background-color: rgb(245, 245, 245);\">@803RR:开车的时候尤其是女司机千万要小心低调,不要开斗气车,注意反锁车门,窗户空隙不要让人手能伸进来,说不准遇上什么变态。</p><p style=\"word-wrap: break-word; margin-top: 0px; text-align: justify; margin-bottom: 14px; color: rgb(48, 48, 48); font-family: helvetica; font-size: 18px; line-height: 27px; white-space: normal; background-color: rgb(245, 245, 245);\">@小猫_刘小莹:孩子是他老婆抱在怀里,被人家别了一下碰到了孩子头。我不禁想问,为什么不给孩子坐安全座椅?</p><p style=\"word-wrap: break-word; margin-top: 0px; text-align: justify; margin-bottom: 14px; color: rgb(48, 48, 48); font-family: helvetica; font-size: 18px; line-height: 27px; white-space: normal; background-color: rgb(245, 245, 245);\">@我缺了个大门牙:这男的真丢我四川耙耳朵的脸</p><p style=\"word-wrap: break-word; margin-top: 0px; text-align: justify; margin-bottom: 14px; color: rgb(48, 48, 48); font-family: helvetica; font-size: 18px; line-height: 27px; white-space: normal; background-color: rgb(245, 245, 245);\"><strong>疑似涉事女司机4年前不文明驾驶行为曝光</strong></p><p style=\"word-wrap: break-word; margin-top: 0px; text-align: justify; margin-bottom: 14px; color: rgb(48, 48, 48); font-family: helvetica; font-size: 18px; line-height: 27px; white-space: normal; background-color: rgb(245, 245, 245);\"><img src=\"http://a2.peoplecdn.cn/90ccbc27f9c603afaef7f79e18149105.jpg@1l\" style=\"display: block; margin: 0px auto; max-width: 100%; border-top-left-radius: 4px; border-top-right-radius: 4px; border-bottom-right-radius: 4px; border-bottom-left-radius: 4px; background: url(http://s2.pstatp.com/inapp/image_bg_day.png) 50% 50% / 118px no-repeat rgb(239, 239, 239);\"/></p><p style=\"word-wrap: break-word; margin-top: 0px; text-align: justify; margin-bottom: 14px; color: rgb(48, 48, 48); font-family: helvetica; font-size: 18px; line-height: 27px; white-space: normal; background-color: rgb(245, 245, 245);\">“成都男子当街暴打女司机”事件持续发酵,男子车辆上的行车记录仪视频曝光后,有网友搜索了女司机车辆牌照(川AD7T67),发现这名女司机4年前就有不安全、不文明驾驶行为。</p><p style=\"word-wrap: break-word; margin-top: 0px; text-align: justify; margin-bottom: 14px; color: rgb(48, 48, 48); font-family: helvetica; font-size: 18px; line-height: 27px; white-space: normal; background-color: rgb(245, 245, 245);\">4年前的网帖中,网友这样写道:“昨晚上出门去接偶家小公主,刚出门就看见前面一辆车上一个小朋友站在天窗外左顾右盼,从建设路一环路口一直到二环路口,就只看见小朋友下去了一次,好像是拿纸擦手。</p><p style=\"word-wrap: break-word; margin-top: 0px; text-align: justify; margin-bottom: 14px; color: rgb(48, 48, 48); font-family: helvetica; font-size: 18px; line-height: 27px; white-space: normal; background-color: rgb(245, 245, 245);\">更恶劣的是,擦完手后顺手把纸仍到旁边并排等红灯的车窗上。都是有娃娃的人,看到这一幕真的想问一下,你带得来娃娃不!”</p><p style=\"word-wrap: break-word; margin-top: 0px; text-align: justify; margin-bottom: 14px; color: rgb(48, 48, 48); font-family: helvetica; font-size: 18px; line-height: 27px; white-space: normal; background-color: rgb(245, 245, 245);\"><img src=\"http://a3.peoplecdn.cn/b2e1a9218303b96b4c23b2f41aaa5595.jpg@1l\" style=\"display: block; margin: 0px auto; max-width: 100%; border-top-left-radius: 4px; border-top-right-radius: 4px; border-bottom-right-radius: 4px; border-bottom-left-radius: 4px; background: url(http://s2.pstatp.com/inapp/image_bg_day.png) 50% 50% / 118px no-repeat rgb(239, 239, 239);\"/></p><p style=\"word-wrap: break-word; margin-top: 0px; text-align: justify; margin-bottom: 14px; color: rgb(48, 48, 48); font-family: helvetica; font-size: 18px; line-height: 27px; white-space: normal; background-color: rgb(245, 245, 245);\">4年前网友所曝光的不文明行为截图</p><p style=\"word-wrap: break-word; margin-top: 0px; text-align: justify; margin-bottom: 14px; color: rgb(48, 48, 48); font-family: helvetica; font-size: 18px; line-height: 27px; white-space: normal; background-color: rgb(245, 245, 245);\"><img src=\"http://a3.peoplecdn.cn/b2e1a9218303b96b4c23b2f41aaa5595.jpg@1l\" style=\"display: block; margin: 0px auto; max-width: 100%; border-top-left-radius: 4px; border-top-right-radius: 4px; border-bottom-right-radius: 4px; border-bottom-left-radius: 4px; background: url(http://s2.pstatp.com/inapp/image_bg_day.png) 50% 50% / 118px no-repeat rgb(239, 239, 239);\"/></p><p style=\"word-wrap: break-word; margin-top: 0px; text-align: justify; margin-bottom: 14px; color: rgb(48, 48, 48); font-family: helvetica; font-size: 18px; line-height: 27px; white-space: normal; background-color: rgb(245, 245, 245);\">孩子半个身子都在天窗外,图中车牌为川AD7T67。</p><p style=\"word-wrap: break-word; margin-top: 0px; text-align: justify; margin-bottom: 14px; color: rgb(48, 48, 48); font-family: helvetica; font-size: 18px; line-height: 27px; white-space: normal; background-color: rgb(245, 245, 245);\"><img src=\"http://a2.peoplecdn.cn/9608117fb170e97a4a2a111eac4c018d.jpg@1l\" style=\"display: block; margin: 0px auto; max-width: 100%; border-top-left-radius: 4px; border-top-right-radius: 4px; border-bottom-right-radius: 4px; border-bottom-left-radius: 4px; background: url(http://s2.pstatp.com/inapp/image_bg_day.png) 50% 50% / 118px no-repeat rgb(239, 239, 239);\"/></p><p style=\"word-wrap: break-word; margin-top: 0px; text-align: justify; margin-bottom: 14px; color: rgb(48, 48, 48); font-family: helvetica; font-size: 18px; line-height: 27px; white-space: normal; background-color: rgb(245, 245, 245);\">本次“女司机遭暴打”事件中女司机所驾驶的车辆牌照亦为川AD7T67。</p><p><br/></p>', '0', null, '0', '0', '2', '4', '0');
INSERT INTO `t_news` VALUES ('15', '“水十条”：2020年7大重点流域水质改善', '今日头条', 'http://toutiao.com/', '2015-05-05 10:31:14', '<p style=\"margin: 6px 3px 0px; padding: 0px; color: rgb(51, 51, 51); font-family: 宋体; font-size: 14px; line-height: 24px; white-space: normal; text-indent: 30px;\"><span style=\"font-family:微软雅黑;margin: 0px; padding: 0px;\">国务院正式发布《水污染防治行动计划》（简称“水十条”）。这是当前和今后一个时期全国水污染防治工作的行动指南。</span></p><p style=\"margin: 6px 3px 0px; padding: 0px; color: rgb(51, 51, 51); font-size: 14px; line-height: 24px; white-space: normal; text-indent: 30px; font-family: 微软雅黑;\"><span style=\"font-family:微软雅黑;margin: 0px; padding: 0px;\">行动计划提出，到2020年，全国水环境质量得到阶段性改善，污染严重水体较大幅度减少，饮用水安全保障水平持续提升，地下水超采得到严格控制，地下水污染加剧趋势得到初步遏制，近岸海域环境质量稳中趋好，京津冀、长三角、珠三角等区域水生态环境状况有所好转。到2030年，力争全国水环境质量总体改善，水生态系统功能初步恢复。到本世纪中叶，生态环境质量全面改善，生态系统实现良性循环。</span></p><p style=\"margin: 6px 3px 0px; padding: 0px; color: rgb(51, 51, 51); font-size: 14px; line-height: 24px; white-space: normal; text-indent: 30px; font-family: 微软雅黑;\"><span style=\"font-family:微软雅黑;margin: 0px; padding: 0px;\">主要指标是：到2020年，长江、黄河、珠江、松花江、淮河、海河、辽河等七大重点流域水质优良（达到或优于III类）比例总体达到70%以上，地级及以上城市建成区黑臭水体均控制在10%以内，地级及以上城市集中式饮用水水源水质达到或优于III类比例总体高于93%，全国地下水质量极差的比例控制在15%左右，近岸海域水质优良（一、二类）比例达到70%左右。京津冀区域丧失使用功能（劣于V类）的水体断面比例下降15个百分点左右，长三角、珠三角区域力争消除丧失使用功能的水体。到2030年，全国七大重点流域水质优良比例总体达到75%以上，城市建成区黑臭水体总体得到消除，城市集中式饮用水水源水质达到或优于III类比例总体为95%左右。</span></p><p style=\"margin: 6px 3px 0px; padding: 0px; color: rgb(51, 51, 51); font-size: 14px; line-height: 24px; white-space: normal; text-indent: 30px; font-family: 微软雅黑;\"><span style=\"font-family:微软雅黑;margin: 0px; padding: 0px;\"><strong style=\"margin: 0px; padding: 0px;\">为实现以上目标，行动计划确定了十个方面的措施：</strong></span></p><p style=\"margin: 6px 3px 0px; padding: 0px; color: rgb(51, 51, 51); font-size: 14px; line-height: 24px; white-space: normal; text-indent: 30px; font-family: 微软雅黑;\"><span style=\"font-family:微软雅黑;margin: 0px; padding: 0px;\">一是全面控制污染物排放。针对工业、城镇生活、农业农村和船舶港口等污染来源，提出了相应的减排措施。</span></p><p style=\"margin: 6px 3px 0px; padding: 0px; color: rgb(51, 51, 51); font-size: 14px; line-height: 24px; white-space: normal; text-indent: 30px; font-family: 微软雅黑;\"><span style=\"font-family:微软雅黑;margin: 0px; padding: 0px;\">二是推动经济结构转型升级。加快淘汰落后产能，合理确定产业发展布局、结构和规模，以工业水、再生水和海水利用等推动循环发展。</span></p><p style=\"margin: 6px 3px 0px; padding: 0px; color: rgb(51, 51, 51); font-size: 14px; line-height: 24px; white-space: normal; text-indent: 30px; font-family: 微软雅黑;\"><span style=\"font-family:微软雅黑;margin: 0px; padding: 0px;\">三是着力节约保护水资源。实施最严格水资源管理制度，控制用水总量，提高用水效率，加强水量调度，保证重要河流生态流量。</span></p><p style=\"margin: 6px 3px 0px; padding: 0px; color: rgb(51, 51, 51); font-size: 14px; line-height: 24px; white-space: normal; text-indent: 30px; font-family: 微软雅黑;\"><span style=\"font-family:微软雅黑;margin: 0px; padding: 0px;\">四是强化科技支撑。推广示范先进适用技术，加强基础研究和前瞻技术研发，规范环保产业市场，加快发展环保服务业。</span></p><p style=\"margin: 6px 3px 0px; padding: 0px; color: rgb(51, 51, 51); font-size: 14px; line-height: 24px; white-space: normal; text-indent: 30px; font-family: 微软雅黑;\"><span style=\"font-family:微软雅黑;margin: 0px; padding: 0px;\">五是充分发挥市场机制作用。加快水价改革，完善收费政策，健全税收政策，促进多元投资，建立有利于水环境治理的激励机制。</span></p><p style=\"margin: 6px 3px 0px; padding: 0px; color: rgb(51, 51, 51); font-size: 14px; line-height: 24px; white-space: normal; text-indent: 30px; font-family: 微软雅黑;\"><span style=\"font-family:微软雅黑;margin: 0px; padding: 0px;\">六是严格环境执法监管。严惩各类环境违法行为和违规建设项目，加强行政执法与刑事司法衔接，健全水环境监测网络。</span></p><p style=\"margin: 6px 3px 0px; padding: 0px; color: rgb(51, 51, 51); font-size: 14px; line-height: 24px; white-space: normal; text-indent: 30px; font-family: 微软雅黑;\"><span style=\"font-family:微软雅黑;margin: 0px; padding: 0px;\">七是切实加强水环境管理。强化环境治理目标管理，深化污染物总量控制制度，严格控制各类环境风险，全面推行排污许可。</span></p><p style=\"margin: 6px 3px 0px; padding: 0px; color: rgb(51, 51, 51); font-size: 14px; line-height: 24px; white-space: normal; text-indent: 30px; font-family: 微软雅黑;\"><span style=\"font-family:微软雅黑;margin: 0px; padding: 0px;\">八是全力保障水生态环境安全。保障饮用水水源安全，科学防治地下水污染，深化重点流域水污染防治，加强良好水体和海洋环境保护。整治城市黑臭水体，直辖市、省会城市、计划单列市建成区于2017年底前基本消除黑臭水体。</span></p><p style=\"margin: 6px 3px 0px; padding: 0px; color: rgb(51, 51, 51); font-size: 14px; line-height: 24px; white-space: normal; text-indent: 30px; font-family: 微软雅黑;\"><span style=\"font-family:微软雅黑;margin: 0px; padding: 0px;\">九是明确和落实各方责任。强化地方政府水环境保护责任，落实排污单位主体责任，国家分流域、分区域、分海域逐年考核计划实施情况，督促各方履责到位。</span></p><p style=\"margin: 6px 3px 0px; padding: 0px; color: rgb(51, 51, 51); font-size: 14px; line-height: 24px; white-space: normal; text-indent: 30px; font-family: 微软雅黑;\"><span style=\"font-family:微软雅黑;margin: 0px; padding: 0px;\">十是强化公众参与和社会监督。国家定期公布水质最差、最好的10个城市名单和各省（区、市）水环境状况。加强社会监督，构建全民行动格局。</span></p><p style=\"margin: 6px 3px 0px; padding: 0px; color: rgb(51, 51, 51); font-size: 14px; line-height: 24px; white-space: normal; text-indent: 30px; font-family: 微软雅黑;\"><span style=\"font-family:微软雅黑;margin: 0px; padding: 0px;\"><strong style=\"margin: 0px; padding: 0px;\">中国水污染有多严重？</strong></span></p><p style=\"margin: 6px 3px 0px; padding: 0px; color: rgb(51, 51, 51); font-size: 14px; line-height: 24px; white-space: normal; text-indent: 30px; font-family: 微软雅黑;\"><span style=\"font-family:微软雅黑;margin: 0px; padding: 0px;\">在全中国七大流域中，面临的严重问题是水体污染和水资源短缺，主要河流有机污染普遍，主要湖泊富营养化严重。七大水系污染程度由重到轻顺序为：辽河、海河、淮河、黄河、松花江、珠江、长江。其中：辽河、淮河、黄河、海河等流域都有70%以上的河段受到污染。</span></p><p style=\"margin: 6px 3px 0px; padding: 0px; color: rgb(51, 51, 51); font-size: 14px; line-height: 24px; white-space: normal; text-indent: 30px; font-family: 微软雅黑;\"><span style=\"font-family:微软雅黑;margin: 0px; padding: 0px;\">长江：坐船顺长江而行，再在重庆、宜昌、武汉等城市绕行一周，目光所及，触目惊心。无数的排污口像一条条孽龙，整日哗哗不停地向长江喷吐着毒液。无数垃圾堆沿江边堆放，堆多了，会自然滑进长江，江水涨高了，也会自然将垃圾带入江中。</span></p><p style=\"margin: 6px 3px 0px; padding: 0px; color: rgb(51, 51, 51); font-size: 14px; line-height: 24px; white-space: normal; text-indent: 30px; font-family: 微软雅黑;\"><span style=\"font-family:微软雅黑;margin: 0px; padding: 0px;\">黄河：黄河泥沙含量大带来的一大好处是净化能力极强。在青海被严重污染的黄河在流进中自我净化，尤其在到达刘家峡水电站库区后，经过沉淀，以一类水质流出刘家峡。但仅仅经过上百公里之后，在进入兰州市时就成了三类水。流出兰州市时成为四类水，流经白银市后又下降为五类水。大量工业和生活废水源源不断地被排入黄河。</span></p><p style=\"margin: 6px 3px 0px; padding: 0px; color: rgb(51, 51, 51); font-size: 14px; line-height: 24px; white-space: normal; text-indent: 30px; font-family: 微软雅黑;\"><span style=\"font-family:微软雅黑;margin: 0px; padding: 0px;\"><strong style=\"margin: 0px; padding: 0px;\">水污染严重原因多样</strong></span></p><p style=\"margin: 6px 3px 0px; padding: 0px; color: rgb(51, 51, 51); font-size: 14px; line-height: 24px; white-space: normal; text-indent: 30px; font-family: 微软雅黑;\"><span style=\"font-family:微软雅黑;margin: 0px; padding: 0px;\">原全国人大环资委主任委员曲格平说，我国水污染主要受三个因素影响，一是工业污染，将来即使所有工业合理布局，污水全部达标排放，处理过的污水也是超五类。二是城市生活污水，我国完全达到处理后排放还需要很长一段时间。三是面源污染，即农田施用化肥、农药及水土流失造成的氮、磷等污染，这个问题比较麻烦，我国是世界上使用化肥强度最高的国家。多种因素造成的复合污染，将使得中国水污染恶化的状况会越来越严重。</span></p><p style=\"margin: 6px 3px 0px; padding: 0px; color: rgb(51, 51, 51); font-size: 14px; line-height: 24px; white-space: normal; text-indent: 30px; font-family: 微软雅黑;\"><span style=\"font-family:微软雅黑;margin: 0px; padding: 0px;\">在发达国家，工业用水的重复利用率达到80%以上。而且污水一定要处理后达标排放。而中国水的重复利用率远远低于此。多数企业做不到污水完全处理后达标排放。</span></p><p style=\"margin: 6px 3px 0px; padding: 0px; color: rgb(51, 51, 51); font-family: 宋体; font-size: 14px; line-height: 24px; white-space: normal; text-indent: 30px;\"><span style=\"font-family:微软雅黑;margin: 0px; padding: 0px;\">发达国家平均每1万人就有一个污水处理厂，用以处理人们每日所产生的生活污水。而在中国，直到上世纪90年代中期，全中国的生活污水处理厂不到5家。武汉、重庆等绝大多数大城市生活污水处理率为零。都是直接排放。直到今天，中国还没有一座城市做到污水100%全部处理的。（腾讯新闻综合腾讯大家报道）</span></p><p><br/></p>', '0', null, '0', '1', '4', '4', '0');
INSERT INTO `t_news` VALUES ('16', '中国高铁出口有望零突破', '今日头条', 'http://toutiao.com/', '2015-05-05 10:34:56', '<p style=\"word-wrap: break-word; margin-top: 0px; text-align: justify; margin-bottom: 14px; color: rgb(48, 48, 48); font-family: helvetica; font-size: 18px; line-height: 27px; white-space: normal; background-color: rgb(245, 245, 245);\">本报记者 孙春芳 北京报道</p><p style=\"word-wrap: break-word; margin-top: 0px; text-align: justify; margin-bottom: 14px; color: rgb(48, 48, 48); font-family: helvetica; font-size: 18px; line-height: 27px; white-space: normal; background-color: rgb(245, 245, 245);\">中俄之间的高铁合作传来喜讯。</p><p style=\"word-wrap: break-word; margin-top: 0px; text-align: justify; margin-bottom: 14px; color: rgb(48, 48, 48); font-family: helvetica; font-size: 18px; line-height: 27px; white-space: normal; background-color: rgb(245, 245, 245);\">近日，俄罗斯塔斯社报道，由莫斯科国家运输工程勘测设计所领导、下诺夫哥罗德地铁设计股份(603018)公司和中国中铁(601390)二院工程集团有限责任公司组成的中俄财团中标莫斯科-喀山段高铁项目的部分工程。</p><p style=\"word-wrap: break-word; margin-top: 0px; text-align: justify; margin-bottom: 14px; color: rgb(48, 48, 48); font-family: helvetica; font-size: 18px; line-height: 27px; white-space: normal; background-color: rgb(245, 245, 245);\">报道称，中标者负责完成莫斯科-喀山段高铁2015年至2016年建设的工程勘测、土地测量、规划图和文件设计工作。合同金额为200亿卢布约合人民币24.33亿元。</p><p style=\"word-wrap: break-word; margin-top: 0px; text-align: justify; margin-bottom: 14px; color: rgb(48, 48, 48); font-family: helvetica; font-size: 18px; line-height: 27px; white-space: normal; background-color: rgb(245, 245, 245);\">中标公告称：“俄中财团是极具前途的专业团队，综合了落实高速和快速运输项目和俄罗斯大型基础设施项目的经验，以及多年成功的实践经验。”</p><p style=\"word-wrap: break-word; margin-top: 0px; text-align: justify; margin-bottom: 14px; color: rgb(48, 48, 48); font-family: helvetica; font-size: 18px; line-height: 27px; white-space: normal; background-color: rgb(245, 245, 245);\"><strong>　　高铁出口有望零突破</strong></p><p style=\"word-wrap: break-word; margin-top: 0px; text-align: justify; margin-bottom: 14px; color: rgb(48, 48, 48); font-family: helvetica; font-size: 18px; line-height: 27px; white-space: normal; background-color: rgb(245, 245, 245);\">公开资料显示，莫斯科-喀山高铁总造价为1.068万亿卢布。未来莫斯科-喀山高铁或将成为莫斯科-北京高铁干线的一段和新丝绸之路项目的一部分。莫斯科-喀山高铁全长约770公里，设计最高时速达400公里。</p><p style=\"word-wrap: break-word; margin-top: 0px; text-align: justify; margin-bottom: 14px; color: rgb(48, 48, 48); font-family: helvetica; font-size: 18px; line-height: 27px; white-space: normal; background-color: rgb(245, 245, 245);\">以莫斯科-喀山段高铁为代表的中俄高铁合作是中国高铁走出去的一个重要里程碑，中国北车(601299)一位人士向21世纪经济报道记者表示，尽管南北车目前已经向全世界多个国家出口了各种型号、时速的客车、货车以及其他车型，但真正意义上，时速在250公里以上的动车组，却还没有实现出口的零突破，而这一突破，或将在莫斯科-喀山段高铁上实现，一伺该高铁建成，即有可能采购目前由中国北车研发制造并已在中国的哈大高铁上成功运营多年的高寒动车组。</p><p style=\"word-wrap: break-word; margin-top: 0px; text-align: justify; margin-bottom: 14px; color: rgb(48, 48, 48); font-family: helvetica; font-size: 18px; line-height: 27px; white-space: normal; background-color: rgb(245, 245, 245);\">中国工程院院士、中铁隧道副工程师王梦恕向21世纪经济报道记者表示，中国在高铁基建工程上具有全世界任何一个其他国家都没有的施工经验，因为中国国土面积广大，北到高寒地带，南至高湿热带，西有新疆甘肃的多风沙地带，东边又有多水土质输送的地带，而中国高铁的桥隧比之高，也是其他国家的高铁所无法比拟的，可以说，中国目前的高铁施工技术和队伍基本可以应付任何地形气候和施工条件。</p><p style=\"word-wrap: break-word; margin-top: 0px; text-align: justify; margin-bottom: 14px; color: rgb(48, 48, 48); font-family: helvetica; font-size: 18px; line-height: 27px; white-space: normal; background-color: rgb(245, 245, 245);\">中国企业成功进入竞得莫斯科-喀山段高铁，也为以后进入俄罗斯以及独联体国家的铁路市场打下一个楔子。</p><p style=\"word-wrap: break-word; margin-top: 0px; text-align: justify; margin-bottom: 14px; color: rgb(48, 48, 48); font-family: helvetica; font-size: 18px; line-height: 27px; white-space: normal; background-color: rgb(245, 245, 245);\"><strong>　　进入俄罗斯铁路市场</strong></p><p style=\"word-wrap: break-word; margin-top: 0px; text-align: justify; margin-bottom: 14px; color: rgb(48, 48, 48); font-family: helvetica; font-size: 18px; line-height: 27px; white-space: normal; background-color: rgb(245, 245, 245);\">中国北车一位人士介绍，俄罗斯存在着高铁市场的刚性需求。目前俄罗斯运行的高速铁路仅有一条为2014索契奥运会修建的连接奥运雪山馆和奥运主场馆的索契高速铁路，全长163公里，运行时速每小时180公里。</p><p style=\"word-wrap: break-word; margin-top: 0px; text-align: justify; margin-bottom: 14px; color: rgb(48, 48, 48); font-family: helvetica; font-size: 18px; line-height: 27px; white-space: normal; background-color: rgb(245, 245, 245);\">另有三条正在运行的莫斯科到圣彼得堡、圣彼得堡到芬兰赫尔辛基、莫斯科到下诺夫哥罗德在既有铁路上改造而成的动车线路，算不上严格意义上的高铁。</p><p style=\"word-wrap: break-word; margin-top: 0px; text-align: justify; margin-bottom: 14px; color: rgb(48, 48, 48); font-family: helvetica; font-size: 18px; line-height: 27px; white-space: normal; background-color: rgb(245, 245, 245);\">但俄罗斯规划了雄心勃勃的高铁计划。为适应未来俄经济发展的需要，同时作为当前拉动俄罗斯经济发展的重要基础设施投资项目，2013年以来俄罗斯高铁建设真正进入了提速阶段，俄罗斯首条高铁——索契高铁就是这一年建成通车的。根据俄罗斯2030年前铁路交通发展战略，俄罗斯有意建设2万公里新铁路，其中包括5000公里高速铁路。</p><p style=\"word-wrap: break-word; margin-top: 0px; text-align: justify; margin-bottom: 14px; color: rgb(48, 48, 48); font-family: helvetica; font-size: 18px; line-height: 27px; white-space: normal; background-color: rgb(245, 245, 245);\">俄规划中的高铁项目主要有三个：一是莫斯科-圣彼得堡高铁项目(高铁1号线)，线路全长为658公里，设计时速为400公里，预计2018年前建成。</p><p style=\"word-wrap: break-word; margin-top: 0px; text-align: justify; margin-bottom: 14px; color: rgb(48, 48, 48); font-family: helvetica; font-size: 18px; line-height: 27px; white-space: normal; background-color: rgb(245, 245, 245);\">二是莫斯科-叶卡捷琳堡高铁项目(高铁2号线)，线路全长1595公里，优先修建莫斯科-喀山段，该段全长为803公里，在2018年投入运营后可将两地间列车运行时间从11小时30分钟缩短至3小时30分钟。</p><p style=\"word-wrap: break-word; margin-top: 0px; text-align: justify; margin-bottom: 14px; color: rgb(48, 48, 48); font-family: helvetica; font-size: 18px; line-height: 27px; white-space: normal; background-color: rgb(245, 245, 245);\">三是莫斯科-索契高铁项目，该项目从莫斯科出发经顿河畔罗斯托夫到索契，建成后全程火车运行时间将缩减至8小时，将有力推动当地旅游业发展。2013年通车的索契高铁正是莫斯科-索契高铁项目的一部分。目前，动工在即、即将举行高铁招标的就是莫斯科-喀山高铁。</p><p style=\"word-wrap: break-word; margin-top: 0px; text-align: justify; margin-bottom: 14px; color: rgb(48, 48, 48); font-family: helvetica; font-size: 18px; line-height: 27px; white-space: normal; background-color: rgb(245, 245, 245);\">除了铁路建设外，俄罗斯的城市轨道交通也蕴含着较大的市场。俄罗斯2018年要举办世界杯赛事，而莫斯科等大城市的地铁承载量已达极限，未来新建、更新轨道交通的需求会很大。加之俄罗斯及与俄罗斯相关的独联体国家，此前一直使用的是俄罗斯的铁路装备，但其装备基本都用的是上世纪七八十年代的产品，目前都已经到了更新换代的时候，这一市场容量也非常巨大。</p><p style=\"word-wrap: break-word; margin-top: 0px; text-align: justify; margin-bottom: 14px; color: rgb(48, 48, 48); font-family: helvetica; font-size: 18px; line-height: 27px; white-space: normal; background-color: rgb(245, 245, 245);\">上述北车人士分析称，从技术上看，中国高铁与俄罗斯的需求最为接近。中国北车已经研制了世界速度最快、技术水准最高的高寒动车组，能在零下40℃和零上40℃之间运行，在投入运行的两年多里，运行稳定，跻身世界高寒高铁的典范，创造了人类高铁史上的三项世界纪录——直通里程最长、气温反差最大、穿越气候带最多。</p><p style=\"word-wrap: break-word; margin-top: 0px; text-align: justify; margin-bottom: 14px; color: rgb(48, 48, 48); font-family: helvetica; font-size: 18px; line-height: 27px; white-space: normal; background-color: rgb(245, 245, 245);\">（编辑：吴红缨，如有意见和建议请联系suncf@21jingji.com;wuhy@21jingji.com)</p><p><br/></p>', '0', null, '0', '1', '2', '5', '0');
INSERT INTO `t_news` VALUES ('17', '外媒评论:中国股市能涨多高？', '今日头条', 'http://toutiao.com/', '2015-05-05 10:35:21', '<p style=\"word-wrap: break-word; margin-top: 0px; text-align: justify; margin-bottom: 14px; color: rgb(48, 48, 48); font-family: helvetica; font-size: 18px; line-height: 27px; white-space: normal; background-color: rgb(245, 245, 245);\">英国《金融时报》投资编辑 约翰•奥瑟兹</p><p style=\"word-wrap: break-word; margin-top: 0px; text-align: justify; margin-bottom: 14px; color: rgb(48, 48, 48); font-family: helvetica; font-size: 18px; line-height: 27px; white-space: normal; background-color: rgb(245, 245, 245);\">世事有升必有落，但下落之前，可能会升得更高。</p><p style=\"word-wrap: break-word; margin-top: 0px; text-align: justify; margin-bottom: 14px; color: rgb(48, 48, 48); font-family: helvetica; font-size: 18px; line-height: 27px; white-space: normal; background-color: rgb(245, 245, 245);\">要见证这个永恒投资困境的最新版本，请看中国股市。尽管中国经济引发的担忧越来越大，但中国股市在过去12个月里还是上涨了一倍以上。</p><p style=\"word-wrap: break-word; margin-top: 0px; text-align: justify; margin-bottom: 14px; color: rgb(48, 48, 48); font-family: helvetica; font-size: 18px; line-height: 27px; white-space: normal; background-color: rgb(245, 245, 245);\">一段时间以来，新兴市场股市整体上一直显得比较便宜，趁低买入的行为推动巴西和俄罗斯(两国经济都陷入困境)股市发生反弹，4月份涨幅接近20%。</p><p style=\"word-wrap: break-word; margin-top: 0px; text-align: justify; margin-bottom: 14px; color: rgb(48, 48, 48); font-family: helvetica; font-size: 18px; line-height: 27px; white-space: normal; background-color: rgb(245, 245, 245);\">目前中国股市明显被高估。除了国有集团和银行，其他所有股票都很贵。Longview Economics指出，24个板块中有20个板块的市盈率高于30倍。Ecstrat数据显示，民营非金融公司的市净率达到令人头晕的5.2倍(国企为2.3倍)。长期来看，大面积投资中国股票不大可能会有好的结果。</p><p style=\"word-wrap: break-word; margin-top: 0px; text-align: justify; margin-bottom: 14px; color: rgb(48, 48, 48); font-family: helvetica; font-size: 18px; line-height: 27px; white-space: normal; background-color: rgb(245, 245, 245);\">但正如我上周所说的，估值对于选定采取短期市场行动的时机帮助不大——尤其是在投机性泡沫期间。中国股市目前就展示出投机性泡沫的全部征兆。企业竞相上市，然后股票连日涨停；散户投资者争相开立新账户；基金经理表示，他们的客户拒绝多元化配置资产，不想错过中国股市的回报。</p><p style=\"word-wrap: break-word; margin-top: 0px; text-align: justify; margin-bottom: 14px; color: rgb(48, 48, 48); font-family: helvetica; font-size: 18px; line-height: 27px; white-space: normal; background-color: rgb(245, 245, 245);\">我们不久前见识过泡沫。比较近的是2007年中国股市的泡沫。如果本次泡沫膨胀得跟那次一样大，那么目前还有非常大的上涨空间。上海股市泡沫与2000年在美国破灭的互联网狂热非常相似，两者的变动轨迹几乎难以区分。</p><p style=\"word-wrap: break-word; margin-top: 0px; text-align: justify; margin-bottom: 14px; color: rgb(48, 48, 48); font-family: helvetica; font-size: 18px; line-height: 27px; white-space: normal; background-color: rgb(245, 245, 245);\">那么我们如何能分析出中国股市的前景呢？我建议采取两种策略。一是考察一下经历过类似于中国现在所经历的经济崛起的国家；二是审视一下中国当局近几个月采取的政策举动背后的原因。</p><p style=\"word-wrap: break-word; margin-top: 0px; text-align: justify; margin-bottom: 14px; color: rgb(48, 48, 48); font-family: helvetica; font-size: 18px; line-height: 27px; white-space: normal; background-color: rgb(245, 245, 245);\">历史上看，与中国经济增长最相似的三个例子是日本战后的增长、二十年后韩国的惊人增长，以及美国在19世纪末“镀金时代”的增长。</p><p style=\"word-wrap: break-word; margin-top: 0px; text-align: justify; margin-bottom: 14px; color: rgb(48, 48, 48); font-family: helvetica; font-size: 18px; line-height: 27px; white-space: normal; background-color: rgb(245, 245, 245);\">每个例子都涉及了不起的增长，后被过度投机和金融危机打断。正如梅林•萨默塞特•韦布(Merryn Somerset Webb)上周所指出的，日本股市大体上是在战后经济重建完成之后起飞的。日本的牛市发生在1970年代和1980年代，得到扩张性货币政策(目前在中国大行其道的就是这样的政策)的支撑。这吹大了日本的泡沫，催生了随后的金融困境。</p><p style=\"word-wrap: break-word; margin-top: 0px; text-align: justify; margin-bottom: 14px; color: rgb(48, 48, 48); font-family: helvetica; font-size: 18px; line-height: 27px; white-space: normal; background-color: rgb(245, 245, 245);\"></p><p class=\"picbox\" style=\"word-wrap: break-word; margin-top: 0px; text-align: center; margin-bottom: 14px; color: rgb(120, 120, 120); padding: 5px 0px; font-size: 13px; font-family: helvetica; line-height: 27px; white-space: normal; background-color: rgb(245, 245, 245);\"></p><p style=\"word-wrap: break-word; margin-top: 0px; text-align: justify; margin-bottom: 14px; color: rgb(48, 48, 48); font-family: helvetica; font-size: 18px; line-height: 27px; white-space: normal; background-color: rgb(245, 245, 245);\"><img alt_src=\"http://k.sinaimg.cn/www/cj/2015/0505/U7470P31DT20150505074201.jpg/w291h291de9.jpg\" alt=\"\" src=\"http://k.sinaimg.cn/www/cj/2015/0505/U7470P31DT20150505074201.jpg/w291h291de9.jpg\" style=\"display: block; margin: 0px auto; max-width: 100%; border-top-left-radius: 4px; border-top-right-radius: 4px; border-bottom-right-radius: 4px; border-bottom-left-radius: 4px; background: url(http://s2.pstatp.com/inapp/image_bg_day.png) 50% 50% / 118px no-repeat rgb(239, 239, 239);\"/></p><p style=\"word-wrap: break-word; margin-top: 0px; text-align: justify; margin-bottom: 14px; color: rgb(48, 48, 48); font-family: helvetica; font-size: 18px; line-height: 27px; white-space: normal; background-color: rgb(245, 245, 245);\"></p><p><span class=\"imgMessage\" style=\"display: block; padding: 5px 0px; color: rgb(120, 120, 120); font-size: 13px; line-height: 18px; text-align: center; font-family: helvetica; white-space: normal; background-color: rgb(245, 245, 245);\"></span></p><p style=\"word-wrap: break-word; margin-top: 0px; text-align: justify; margin-bottom: 14px; color: rgb(48, 48, 48); font-family: helvetica; font-size: 18px; line-height: 27px; white-space: normal; background-color: rgb(245, 245, 245);\"></p><p style=\"word-wrap: break-word; margin-top: 0px; text-align: justify; margin-bottom: 14px; color: rgb(48, 48, 48); font-family: helvetica; font-size: 18px; line-height: 27px; white-space: normal; background-color: rgb(245, 245, 245);\">韩国综合股价指数(Kospi)也是到经济增长基本已板上钉钉时才起飞的，后来从1980年代至今出现了一连串繁荣与萧条，还被1997年的亚洲金融危机打断过。跟日本一样，外国投资者的进入与偶尔的突然撤出放大了这些起起落落。</p><p style=\"word-wrap: break-word; margin-top: 0px; text-align: justify; margin-bottom: 14px; color: rgb(48, 48, 48); font-family: helvetica; font-size: 18px; line-height: 27px; white-space: normal; background-color: rgb(245, 245, 245);\"></p><p class=\"picbox\" style=\"word-wrap: break-word; margin-top: 0px; text-align: center; margin-bottom: 14px; color: rgb(120, 120, 120); padding: 5px 0px; font-size: 13px; font-family: helvetica; line-height: 27px; white-space: normal; background-color: rgb(245, 245, 245);\"></p><p style=\"word-wrap: break-word; margin-top: 0px; text-align: justify; margin-bottom: 14px; color: rgb(48, 48, 48); font-family: helvetica; font-size: 18px; line-height: 27px; white-space: normal; background-color: rgb(245, 245, 245);\"><img alt_src=\"http://k.sinaimg.cn/www/cj/2015/0505/U7470P31DT20150505074210.jpg/w291h291299.jpg\" alt=\"\" src=\"http://k.sinaimg.cn/www/cj/2015/0505/U7470P31DT20150505074210.jpg/w291h291299.jpg\" style=\"display: block; margin: 0px auto; max-width: 100%; border-top-left-radius: 4px; border-top-right-radius: 4px; border-bottom-right-radius: 4px; border-bottom-left-radius: 4px; background: url(http://s2.pstatp.com/inapp/image_bg_day.png) 50% 50% / 118px no-repeat rgb(239, 239, 239);\"/></p><p style=\"word-wrap: break-word; margin-top: 0px; text-align: justify; margin-bottom: 14px; color: rgb(48, 48, 48); font-family: helvetica; font-size: 18px; line-height: 27px; white-space: normal; background-color: rgb(245, 245, 245);\"></p><p><span class=\"imgMessage\" style=\"display: block; padding: 5px 0px; color: rgb(120, 120, 120); font-size: 13px; line-height: 18px; text-align: center; font-family: helvetica; white-space: normal; background-color: rgb(245, 245, 245);\"></span></p><p style=\"word-wrap: break-word; margin-top: 0px; text-align: justify; margin-bottom: 14px; color: rgb(48, 48, 48); font-family: helvetica; font-size: 18px; line-height: 27px; white-space: normal; background-color: rgb(245, 245, 245);\"></p><p style=\"word-wrap: break-word; margin-top: 0px; text-align: justify; margin-bottom: 14px; color: rgb(48, 48, 48); font-family: helvetica; font-size: 18px; line-height: 27px; white-space: normal; background-color: rgb(245, 245, 245);\">再说说美国的“镀金时代”：美国当时享有强劲的增长，外国资金起到助推作用，这一增长也曾被多次金融恐慌打断。像日本一样，美国股市最终的指数级上涨是在不寻常的经济增长阶段基本完成之后到来的，那次上涨在1920年代末演变为一场灾难。</p><p style=\"word-wrap: break-word; margin-top: 0px; text-align: justify; margin-bottom: 14px; color: rgb(48, 48, 48); font-family: helvetica; font-size: 18px; line-height: 27px; white-space: normal; background-color: rgb(245, 245, 245);\"></p><p class=\"picbox\" style=\"word-wrap: break-word; margin-top: 0px; text-align: center; margin-bottom: 14px; color: rgb(120, 120, 120); padding: 5px 0px; font-size: 13px; font-family: helvetica; line-height: 27px; white-space: normal; background-color: rgb(245, 245, 245);\"></p><p style=\"word-wrap: break-word; margin-top: 0px; text-align: justify; margin-bottom: 14px; color: rgb(48, 48, 48); font-family: helvetica; font-size: 18px; line-height: 27px; white-space: normal; background-color: rgb(245, 245, 245);\"><img alt_src=\"http://k.sinaimg.cn/www/cj/2015/0505/U7470P31DT20150505074235.jpg/w291h291d2e.jpg\" alt=\"\" src=\"http://k.sinaimg.cn/www/cj/2015/0505/U7470P31DT20150505074235.jpg/w291h291d2e.jpg\" style=\"display: block; margin: 0px auto; max-width: 100%; border-top-left-radius: 4px; border-top-right-radius: 4px; border-bottom-right-radius: 4px; border-bottom-left-radius: 4px; background: url(http://s2.pstatp.com/inapp/image_bg_day.png) 50% 50% / 118px no-repeat rgb(239, 239, 239);\"/></p><p style=\"word-wrap: break-word; margin-top: 0px; text-align: justify; margin-bottom: 14px; color: rgb(48, 48, 48); font-family: helvetica; font-size: 18px; line-height: 27px; white-space: normal; background-color: rgb(245, 245, 245);\"></p><p><span class=\"imgMessage\" style=\"display: block; padding: 5px 0px; color: rgb(120, 120, 120); font-size: 13px; line-height: 18px; text-align: center; font-family: helvetica; white-space: normal; background-color: rgb(245, 245, 245);\"></span></p><p style=\"word-wrap: break-word; margin-top: 0px; text-align: justify; margin-bottom: 14px; color: rgb(48, 48, 48); font-family: helvetica; font-size: 18px; line-height: 27px; white-space: normal; background-color: rgb(245, 245, 245);\"></p><p style=\"word-wrap: break-word; margin-top: 0px; text-align: justify; margin-bottom: 14px; color: rgb(48, 48, 48); font-family: helvetica; font-size: 18px; line-height: 27px; white-space: normal; background-color: rgb(245, 245, 245);\">“镀金时代”的美国跟当今的中国有许多共同之处。但美国当时允许银行挤兑，亏损的风险帮助调节了经济。中国的做法则不同。</p><p style=\"word-wrap: break-word; margin-top: 0px; text-align: justify; margin-bottom: 14px; color: rgb(48, 48, 48); font-family: helvetica; font-size: 18px; line-height: 27px; white-space: normal; background-color: rgb(245, 245, 245);\">普遍的教训是，股市可能会上涨很长时间，尤其是当外资进入时；这样的上涨通常会在某个阶段导致危机。</p><p style=\"word-wrap: break-word; margin-top: 0px; text-align: justify; margin-bottom: 14px; color: rgb(48, 48, 48); font-family: helvetica; font-size: 18px; line-height: 27px; white-space: normal; background-color: rgb(245, 245, 245);\">那么中国接下来会发生什么？一年前，中国当局似乎愿意允许增长放缓，并试图化解信贷问题、逐渐摆脱出口导向型增长模式。在那之后，出现了180度大转弯。汇丰(HSBC)首席亚洲经济学家范力民(Fred Neumann)暗示，劳动力市场(重中之重)放缓以及多次尝试稳住楼市未果，导致了这一180度转变。建筑业仍是中国增长的核心要素。</p><p style=\"word-wrap: break-word; margin-top: 0px; text-align: justify; margin-bottom: 14px; color: rgb(48, 48, 48); font-family: helvetica; font-size: 18px; line-height: 27px; white-space: normal; background-color: rgb(245, 245, 245);\"></p><p class=\"picbox\" style=\"word-wrap: break-word; margin-top: 0px; text-align: center; margin-bottom: 14px; color: rgb(120, 120, 120); padding: 5px 0px; font-size: 13px; font-family: helvetica; line-height: 27px; white-space: normal; background-color: rgb(245, 245, 245);\"></p><p style=\"word-wrap: break-word; margin-top: 0px; text-align: justify; margin-bottom: 14px; color: rgb(48, 48, 48); font-family: helvetica; font-size: 18px; line-height: 27px; white-space: normal; background-color: rgb(245, 245, 245);\"><img alt_src=\"http://k.sinaimg.cn/www/cj/2015/0505/U7470P31DT20150505074249.jpg/w291h291180.jpg\" alt=\"\" src=\"http://k.sinaimg.cn/www/cj/2015/0505/U7470P31DT20150505074249.jpg/w291h291180.jpg\" style=\"display: block; margin: 0px auto; max-width: 100%; border-top-left-radius: 4px; border-top-right-radius: 4px; border-bottom-right-radius: 4px; border-bottom-left-radius: 4px; background: url(http://s2.pstatp.com/inapp/image_bg_day.png) 50% 50% / 118px no-repeat rgb(239, 239, 239);\"/></p><p style=\"word-wrap: break-word; margin-top: 0px; text-align: justify; margin-bottom: 14px; color: rgb(48, 48, 48); font-family: helvetica; font-size: 18px; line-height: 27px; white-space: normal; background-color: rgb(245, 245, 245);\"></p><p><span class=\"imgMessage\" style=\"display: block; padding: 5px 0px; color: rgb(120, 120, 120); font-size: 13px; line-height: 18px; text-align: center; font-family: helvetica; white-space: normal; background-color: rgb(245, 245, 245);\"></span></p><p style=\"word-wrap: break-word; margin-top: 0px; text-align: justify; margin-bottom: 14px; color: rgb(48, 48, 48); font-family: helvetica; font-size: 18px; line-height: 27px; white-space: normal; background-color: rgb(245, 245, 245);\"></p><p style=\"word-wrap: break-word; margin-top: 0px; text-align: justify; margin-bottom: 14px; color: rgb(48, 48, 48); font-family: helvetica; font-size: 18px; line-height: 27px; white-space: normal; background-color: rgb(245, 245, 245);\">考虑到银行获准扩大放贷以及存款利率下调把投资者推向股市，中国的政策是在刻意推高资产价格，并希望由此产生正财富效应、或吸引外国资金进场。</p><p style=\"word-wrap: break-word; margin-top: 0px; text-align: justify; margin-bottom: 14px; color: rgb(48, 48, 48); font-family: helvetica; font-size: 18px; line-height: 27px; white-space: normal; background-color: rgb(245, 245, 245);\">长期而言，这是一张危险的处方——如果中国国内的A股被纳入国际指数，该处方可能会变得更加危险，因为那会导致更多外国资金流入。目前，外国投资者并未持有足够多的中国股票，这一点也解释了为何上海股市在崩盘前可能会进一步上涨。</p><p style=\"word-wrap: break-word; margin-top: 0px; text-align: justify; margin-bottom: 14px; color: rgb(48, 48, 48); font-family: helvetica; font-size: 18px; line-height: 27px; white-space: normal; background-color: rgb(245, 245, 245);\">这个投资困境就是这样加深的。在此种情形下，谨慎是最佳选择。保持资产配置不变，也就是说，如果中国股市继续上涨，就定期将盈利变现。这样的话，将减小最终崩盘带来的伤害。选择合适的时机难度太大，所以还是规避风险、让别人去享受这波繁荣吧。(FT中文网)</p><p style=\"word-wrap: break-word; margin-top: 0px; text-align: justify; margin-bottom: 14px; color: rgb(48, 48, 48); font-family: helvetica; font-size: 18px; line-height: 27px; white-space: normal; background-color: rgb(245, 245, 245);\">译者/邢嵬</p><p><br/></p>', '0', null, '0', '1', '3', '5', '0');
INSERT INTO `t_news` VALUES ('18', '范伟23岁儿子首曝光帅气韩范', '今日头条', 'http://toutiao.com/', '2015-05-05 10:36:14', '<p style=\"margin-top: 20px; margin-bottom: 9px; font-family: Tahoma, Helvetica, Arial, 微软雅黑, 华文细黑, 宋体, sans-serif; line-height: 28px; color: rgb(68, 68, 68); white-space: normal;\">文/南唐遗少</p><p style=\"margin-top: 20px; margin-bottom: 9px; font-family: Tahoma, Helvetica, Arial, 微软雅黑, 华文细黑, 宋体, sans-serif; line-height: 28px; color: rgb(68, 68, 68); white-space: normal;\">近日，著名演员范伟和“女神”林志玲在陈凯歌的新电影中的床戏剧照曝光，让网友大呼不忍直视，这画面超出了脑洞能想象的范围。范伟作为内地实力派的笑星，演技毋庸置疑，曾几何时和赵本山是央视春晚的“黄金搭档”，合作的《卖拐》、《卖车》、《功夫》等都是经典小品。和赵本山分道扬镳后，范伟把演艺事业重心转到电视荧屏和大银幕，主演了《老大的幸福》、《先结婚后恋爱》等众多热播剧。在大银幕上范伟近些年也佳作不断，《芳香之旅》、《耳朵大有福》、《即日启程》等拿到多个男演员奖。</p><p style=\"margin-top: 20px; margin-bottom: 9px; font-family: Tahoma, Helvetica, Arial, 微软雅黑, 华文细黑, 宋体, sans-serif; line-height: 28px; color: rgb(68, 68, 68); white-space: normal;\">虽然在电影里，范伟塑造了众多诙谐戏谑的形象，现实生活中则是不折不扣的好男人。范伟妻子杨宝玲曾是一名护士，两个人1988年相识，90年走入婚姻殿堂，两年后有了一个可爱的儿子。范伟曾在采访中说“家里的财政大权归妻子”，不止一次对妻子表示感谢。如今范伟和杨宝玲已经结婚25年了，两个人的儿子目前已经23岁，从清华附中毕业后，现在在加拿大多伦多读大学，范伟妻子杨宝玲也常住加拿大陪儿子。</p><p style=\"margin-top: 20px; margin-bottom: 9px; font-family: Tahoma, Helvetica, Arial, 微软雅黑, 华文细黑, 宋体, sans-serif; line-height: 28px; color: rgb(68, 68, 68); white-space: normal;\"><img src=\"http://p2.pstatp.com/large/3409/3883382453\" img_width=\"550\" img_height=\"550\" style=\"max-width: 100%; vertical-align: middle; border: 0px; display: block; clear: both; margin: 0px auto; opacity: 1;\"/></p><p style=\"margin-top: 20px; margin-bottom: 9px; font-family: Tahoma, Helvetica, Arial, 微软雅黑, 华文细黑, 宋体, sans-serif; line-height: 28px; color: rgb(68, 68, 68); white-space: normal;\">范伟23岁儿子首次曝光，长相帅气颇有韩范</p><p style=\"margin-top: 20px; margin-bottom: 9px; font-family: Tahoma, Helvetica, Arial, 微软雅黑, 华文细黑, 宋体, sans-serif; line-height: 28px; color: rgb(68, 68, 68); white-space: normal;\"><img src=\"http://p2.pstatp.com/large/3414/3362472890\" img_width=\"550\" img_height=\"819\" style=\"max-width: 100%; vertical-align: middle; border: 0px; display: block; clear: both; margin: 0px auto; opacity: 1;\"/></p><p style=\"margin-top: 20px; margin-bottom: 9px; font-family: Tahoma, Helvetica, Arial, 微软雅黑, 华文细黑, 宋体, sans-serif; line-height: 28px; color: rgb(68, 68, 68); white-space: normal;\"><img src=\"http://p2.pstatp.com/large/3414/3364941356\" img_width=\"550\" img_height=\"733\" style=\"max-width: 100%; vertical-align: middle; border: 0px; display: block; clear: both; margin: 0px auto; opacity: 1;\"/></p><p><br/></p>', '0', null, '0', '0', '1', '2', '0');
INSERT INTO `t_news` VALUES ('19', '黄晓明angelababy分手 被曝已领证', '今日头条', 'http://toutiao.com/', '2015-05-05 10:37:13', '<p style=\"margin-top: 20px; margin-bottom: 9px; font-family: Tahoma, Helvetica, Arial, 微软雅黑, 华文细黑, 宋体, sans-serif; line-height: 28px; color: rgb(68, 68, 68); white-space: normal;\"><img src=\"http://p2.pstatp.com/large/3389/8281623368\" img_width=\"550\" img_height=\"733\" style=\"max-width: 100%; vertical-align: middle; border: 0px; display: block; clear: both; margin: 0px auto; opacity: 1;\"/></p><p style=\"margin-top: 20px; margin-bottom: 9px; font-family: Tahoma, Helvetica, Arial, 微软雅黑, 华文细黑, 宋体, sans-serif; line-height: 28px; color: rgb(68, 68, 68); white-space: normal;\">黄晓明和angelababy亲密照片</p><p style=\"margin-top: 20px; margin-bottom: 9px; font-family: Tahoma, Helvetica, Arial, 微软雅黑, 华文细黑, 宋体, sans-serif; line-height: 28px; color: rgb(68, 68, 68); white-space: normal;\">事件简介</p><p style=\"margin-top: 20px; margin-bottom: 9px; font-family: Tahoma, Helvetica, Arial, 微软雅黑, 华文细黑, 宋体, sans-serif; line-height: 28px; color: rgb(68, 68, 68); white-space: normal;\">2015年5月3日，网络上曝出黄晓明与Angelababy分手的消息，引发无数网友关注，不过经证实是假消息。原来是有人假冒Baby的微信，瞎掰文情并茂的分手信，山寨分手信虽然火速流传，但粉丝大多坚信两人爱意浓烈。而当事人Baby也马上在微博澄清。</p><p style=\"margin-top: 20px; margin-bottom: 9px; font-family: Tahoma, Helvetica, Arial, 微软雅黑, 华文细黑, 宋体, sans-serif; line-height: 28px; color: rgb(68, 68, 68); white-space: normal;\">网曝消息</p><p style=\"margin-top: 20px; margin-bottom: 9px; font-family: Tahoma, Helvetica, Arial, 微软雅黑, 华文细黑, 宋体, sans-serif; line-height: 28px; color: rgb(68, 68, 68); white-space: normal;\">网曝angelababy分手原文：</p><p style=\"margin-top: 20px; margin-bottom: 9px; font-family: Tahoma, Helvetica, Arial, 微软雅黑, 华文细黑, 宋体, sans-serif; line-height: 28px; color: rgb(68, 68, 68); white-space: normal;\">常常有人问我爱情是什么，我觉得爱情就是两个人彼此吸引，彼此喜欢，彼此付出，彼此相依吧。我和晓明哥在一起的这些年很开心，也带给我很多的惊喜，我们都彼此认为对方就是一生中那个对的人。</p><p style=\"margin-top: 20px; margin-bottom: 9px; font-family: Tahoma, Helvetica, Arial, 微软雅黑, 华文细黑, 宋体, sans-serif; line-height: 28px; color: rgb(68, 68, 68); white-space: normal;\">我们的生活变得越来越忙碌，后来我们见面的时间越来越少，有一次我深夜拍完戏打电话给晓明哥，他说“baby,我还在拍戏，晚点聊”又有一次晓明哥打电话给我，我刚好在录制《奔跑吧兄弟》我说“晚点打过来，我在忙”</p><p style=\"margin-top: 20px; margin-bottom: 9px; font-family: Tahoma, Helvetica, Arial, 微软雅黑, 华文细黑, 宋体, sans-serif; line-height: 28px; color: rgb(68, 68, 68); white-space: normal;\">不知道是距离，还是因为时间，把我们分割得越来越远，慢慢的，我们也在这样各自忙碌的生活中发现，原来即便有那么一段时间没有相见，甚至少有联系，我们也还是能安然无恙的好好生活。所以时至今日，我们都开始反思是哪里出了问题!</p><p style=\"margin-top: 20px; margin-bottom: 9px; font-family: Tahoma, Helvetica, Arial, 微软雅黑, 华文细黑, 宋体, sans-serif; line-height: 28px; color: rgb(68, 68, 68); white-space: normal;\">这样各自忙碌的生活还要持续很久，不如了无牵挂的更好。我们彼此分开，不怨谁，怪自己!</p><p style=\"margin-top: 20px; margin-bottom: 9px; font-family: Tahoma, Helvetica, Arial, 微软雅黑, 华文细黑, 宋体, sans-serif; line-height: 28px; color: rgb(68, 68, 68); white-space: normal;\">盼日后我们都得以清闲，你若未娶，我再嫁你可好!</p><p style=\"margin-top: 20px; margin-bottom: 9px; font-family: Tahoma, Helvetica, Arial, 微软雅黑, 华文细黑, 宋体, sans-serif; line-height: 28px; color: rgb(68, 68, 68); white-space: normal;\">当事人回应</p><p style=\"margin-top: 20px; margin-bottom: 9px; font-family: Tahoma, Helvetica, Arial, 微软雅黑, 华文细黑, 宋体, sans-serif; line-height: 28px; color: rgb(68, 68, 68); white-space: normal;\">Baby随后得知山寨货乱发分手信的消息，马上在微博澄清。黄晓明的御用设计师张帅也贴出晓B恩爱照打假，强调“这个世界需要美好，人家正美好着呢，不用操心”。</p><p style=\"margin-top: 20px; margin-bottom: 9px; font-family: Tahoma, Helvetica, Arial, 微软雅黑, 华文细黑, 宋体, sans-serif; line-height: 28px; color: rgb(68, 68, 68); white-space: normal;\"><img src=\"http://p2.pstatp.com/large/3392/495142802\" img_width=\"265\" img_height=\"391\" style=\"max-width: 100%; vertical-align: middle; border: 0px; display: block; clear: both; margin: 0px auto; opacity: 1;\"/></p><p style=\"margin-top: 20px; margin-bottom: 9px; font-family: Tahoma, Helvetica, Arial, 微软雅黑, 华文细黑, 宋体, sans-serif; line-height: 28px; color: rgb(68, 68, 68); white-space: normal;\">网易娱乐5月4日报道（文/小易）昨日下午，凤凰娱乐独家爆料“黄晓明确认与Angelababy分手”的新闻在微博上引起了热议。报道称，“一向秀恩爱停不下来的黄教主和Angelababy杨颖宣告分手。Ange－lababy在自己的官方微信发布长文《没在一起，不怪谁》，直言各自事业太过忙碌，彼此关心也越来越少，更说‘如他日得以清闲，你若未娶，我再嫁你’。”两人近期因宣传电影《何以笙箫默》，恩爱秀不断。此报道一出，朋友圈迅速刷屏，大多网友表示无法接受。不过随后，有认证网友发文辟谣，称疑似为Baby的人为冒充。之后正牌Baby发文澄清分手传闻，笑言“别闹”。次日凌晨，黄晓明的御用设计师张帅也发文否认两人分手传闻，“人家正美好着呢，不用操心”。</p><p style=\"margin-top: 20px; margin-bottom: 9px; font-family: Tahoma, Helvetica, Arial, 微软雅黑, 华文细黑, 宋体, sans-serif; line-height: 28px; color: rgb(68, 68, 68); white-space: normal;\">这封分手信写的十分传神，让很多网友在震惊之余信以为真。</p><p style=\"margin-top: 20px; margin-bottom: 9px; font-family: Tahoma, Helvetica, Arial, 微软雅黑, 华文细黑, 宋体, sans-serif; line-height: 28px; color: rgb(68, 68, 68); white-space: normal;\">不仅分手一事相当不靠谱，更有网友曝料两人其实早已领证。而网友“关爱八卦成长协会”也出面辟谣，称黄晓明与Baby今年会办婚宴，现在已经在策划婚礼了。</p><p style=\"margin-top: 20px; margin-bottom: 9px; font-family: Tahoma, Helvetica, Arial, 微软雅黑, 华文细黑, 宋体, sans-serif; line-height: 28px; color: rgb(68, 68, 68); white-space: normal;\"><img src=\"http://p3.pstatp.com/large/3390/8336095165\" img_width=\"400\" img_height=\"600\" style=\"max-width: 100%; vertical-align: middle; border: 0px; display: block; clear: both; margin: 0px auto; opacity: 1;\"/></p><p style=\"margin-top: 20px; margin-bottom: 9px; font-family: Tahoma, Helvetica, Arial, 微软雅黑, 华文细黑, 宋体, sans-serif; line-height: 28px; color: rgb(68, 68, 68); white-space: normal;\"><img src=\"http://p2.pstatp.com/large/3387/8468356369\" img_width=\"330\" img_height=\"220\" style=\"max-width: 100%; vertical-align: middle; border: 0px; display: block; clear: both; margin: 0px auto; opacity: 1;\"/></p><p style=\"margin-top: 20px; margin-bottom: 9px; font-family: Tahoma, Helvetica, Arial, 微软雅黑, 华文细黑, 宋体, sans-serif; line-height: 28px; color: rgb(68, 68, 68); white-space: normal;\"><img src=\"http://p2.pstatp.com/large/3387/8470611602\" img_width=\"512\" img_height=\"778\" style=\"max-width: 100%; vertical-align: middle; border: 0px; display: block; clear: both; margin: 0px auto; opacity: 1;\"/></p><p style=\"margin-top: 20px; margin-bottom: 9px; font-family: Tahoma, Helvetica, Arial, 微软雅黑, 华文细黑, 宋体, sans-serif; line-height: 28px; color: rgb(68, 68, 68); white-space: normal;\"><img src=\"http://p2.pstatp.com/large/3390/8344290636\" img_width=\"549\" img_height=\"223\" style=\"max-width: 100%; vertical-align: middle; border: 0px; display: block; clear: both; margin: 0px auto; opacity: 1;\"/></p><p><br/></p>', '0', null, '0', '0', '1', '2', '0');
INSERT INTO `t_news` VALUES ('20', '没想到,一位90后小班长秒杀了6个明星 ！', '今日头条', 'http://toutiao.com/', '2015-05-05 10:38:11', '<p style=\"margin-top: 20px; margin-bottom: 9px; font-family: Tahoma, Helvetica, Arial, 微软雅黑, 华文细黑, 宋体, sans-serif; line-height: 28px; color: rgb(68, 68, 68); white-space: normal;\">延迟了三周播出的军旅真人秀《真正男子汉》终于在五一播出了，吊了这么久的胃口，让假期在香港当蝗虫的煲仔也蹲守在酒店看直播，因为本身对这种题材的综艺不是很感兴趣，本来只想看看老袁同志表现如何，结果看了10分钟，却被一枚小班长吸引住了视线…</p><p style=\"margin-top: 20px; margin-bottom: 9px; font-family: Tahoma, Helvetica, Arial, 微软雅黑, 华文细黑, 宋体, sans-serif; line-height: 28px; color: rgb(68, 68, 68); white-space: normal;\">残酷军营也是看脸的世界</p><p style=\"margin-top: 20px; margin-bottom: 9px; font-family: Tahoma, Helvetica, Arial, 微软雅黑, 华文细黑, 宋体, sans-serif; line-height: 28px; color: rgb(68, 68, 68); white-space: normal;\">本以为这节目的看点是难以驯服的野马袁弘</p><p style=\"margin-top: 20px; margin-bottom: 9px; font-family: Tahoma, Helvetica, Arial, 微软雅黑, 华文细黑, 宋体, sans-serif; line-height: 28px; color: rgb(68, 68, 68); white-space: normal;\"><img src=\"http://p2.pstatp.com/large/3410/4409349650\" img_width=\"303\" img_height=\"200\" style=\"max-width: 100%; vertical-align: middle; border: 0px; display: block; clear: both; margin: 0px auto; opacity: 1;\"/></p><p style=\"margin-top: 20px; margin-bottom: 9px; font-family: Tahoma, Helvetica, Arial, 微软雅黑, 华文细黑, 宋体, sans-serif; line-height: 28px; color: rgb(68, 68, 68); white-space: normal;\">或是快60岁高龄仍然拼命的老腊肉张丰毅</p><p style=\"margin-top: 20px; margin-bottom: 9px; font-family: Tahoma, Helvetica, Arial, 微软雅黑, 华文细黑, 宋体, sans-serif; line-height: 28px; color: rgb(68, 68, 68); white-space: normal;\"><img src=\"http://p2.pstatp.com/large/3412/4253126392\" img_width=\"303\" img_height=\"200\" style=\"max-width: 100%; vertical-align: middle; border: 0px; display: block; clear: both; margin: 0px auto; opacity: 1;\"/></p><p style=\"margin-top: 20px; margin-bottom: 9px; font-family: Tahoma, Helvetica, Arial, 微软雅黑, 华文细黑, 宋体, sans-serif; line-height: 28px; color: rgb(68, 68, 68); white-space: normal;\">当然，张丰毅大哥六块腹肌也不是白练的，居59岁高龄了但体力值远远甩开了杜海涛，惭不惭愧啊。</p><p style=\"margin-top: 20px; margin-bottom: 9px; font-family: Tahoma, Helvetica, Arial, 微软雅黑, 华文细黑, 宋体, sans-serif; line-height: 28px; color: rgb(68, 68, 68); white-space: normal;\">最受关注的许三多王宝强在节目组把一双儿女的首次曝光都卖了</p><p style=\"margin-top: 20px; margin-bottom: 9px; font-family: Tahoma, Helvetica, Arial, 微软雅黑, 华文细黑, 宋体, sans-serif; line-height: 28px; color: rgb(68, 68, 68); white-space: normal;\"><img src=\"http://p3.pstatp.com/large/3414/4003815549\" img_width=\"637\" img_height=\"427\" style=\"max-width: 100%; vertical-align: middle; border: 0px; display: block; clear: both; margin: 0px auto; opacity: 1;\"/></p><p style=\"margin-top: 20px; margin-bottom: 9px; font-family: Tahoma, Helvetica, Arial, 微软雅黑, 华文细黑, 宋体, sans-serif; line-height: 28px; color: rgb(68, 68, 68); white-space: normal;\">可是，万万没想到，当下面这位小班长出来后，全国的少女们都沦陷了！</p><p style=\"margin-top: 20px; margin-bottom: 9px; font-family: Tahoma, Helvetica, Arial, 微软雅黑, 华文细黑, 宋体, sans-serif; line-height: 28px; color: rgb(68, 68, 68); white-space: normal;\"><img src=\"http://p2.pstatp.com/large/3414/4003868611\" img_width=\"250\" img_height=\"159\" style=\"max-width: 100%; vertical-align: middle; border: 0px; display: block; clear: both; margin: 0px auto; opacity: 1;\"/></p><p style=\"margin-top: 20px; margin-bottom: 9px; font-family: Tahoma, Helvetica, Arial, 微软雅黑, 华文细黑, 宋体, sans-serif; line-height: 28px; color: rgb(68, 68, 68); white-space: normal;\">这位90后班长，大名王金武，出生于1993年，黑龙江人，家境优越，但从小有着军人理想所以到部队当兵。</p><p style=\"margin-top: 20px; margin-bottom: 9px; font-family: Tahoma, Helvetica, Arial, 微软雅黑, 华文细黑, 宋体, sans-serif; line-height: 28px; color: rgb(68, 68, 68); white-space: normal;\"><img src=\"http://p2.pstatp.com/large/3414/4003729700\" img_width=\"780\" img_height=\"506\" style=\"max-width: 100%; vertical-align: middle; border: 0px; display: block; clear: both; margin: 0px auto; opacity: 1;\"/></p><p style=\"margin-top: 20px; margin-bottom: 9px; font-family: Tahoma, Helvetica, Arial, 微软雅黑, 华文细黑, 宋体, sans-serif; line-height: 28px; color: rgb(68, 68, 68); white-space: normal;\">被分配到汽车连后，他又主动调到与之相比更为艰苦的步兵营，实战经验十分丰富，参加过多次军事演习。目前是在人民解放军第20集团军机步58旅3连（杨思根连）。</p><p style=\"margin-top: 20px; margin-bottom: 9px; font-family: Tahoma, Helvetica, Arial, 微软雅黑, 华文细黑, 宋体, sans-serif; line-height: 28px; color: rgb(68, 68, 68); white-space: normal;\">除了优秀的军事素质，小班长迅速走红的原因，当然是看脸</p><p style=\"margin-top: 20px; margin-bottom: 9px; font-family: Tahoma, Helvetica, Arial, 微软雅黑, 华文细黑, 宋体, sans-serif; line-height: 28px; color: rgb(68, 68, 68); white-space: normal;\"><img src=\"http://p2.pstatp.com/large/3411/4303797820\" img_width=\"22\" img_height=\"22\" style=\"max-width: 100%; vertical-align: middle; border: 0px; display: block; clear: both; margin: 0px auto; opacity: 1;\"/></p><p style=\"margin-top: 20px; margin-bottom: 9px; font-family: Tahoma, Helvetica, Arial, 微软雅黑, 华文细黑, 宋体, sans-serif; line-height: 28px; color: rgb(68, 68, 68); white-space: normal;\"><img src=\"http://p2.pstatp.com/large/3410/4408485071\" img_width=\"273\" img_height=\"164\" style=\"max-width: 100%; vertical-align: middle; border: 0px; display: block; clear: both; margin: 0px auto; opacity: 1;\"/></p><p style=\"margin-top: 20px; margin-bottom: 9px; font-family: Tahoma, Helvetica, Arial, 微软雅黑, 华文细黑, 宋体, sans-serif; line-height: 28px; color: rgb(68, 68, 68); white-space: normal;\">连刘昊然小朋友都说班长长得特别像吴亦凡！小班长听到后淡淡一笑波澜不惊</p><p style=\"margin-top: 20px; margin-bottom: 9px; font-family: Tahoma, Helvetica, Arial, 微软雅黑, 华文细黑, 宋体, sans-serif; line-height: 28px; color: rgb(68, 68, 68); white-space: normal;\"><img src=\"http://p2.pstatp.com/large/3411/4303954241\" img_width=\"303\" img_height=\"200\" style=\"max-width: 100%; vertical-align: middle; border: 0px; display: block; clear: both; margin: 0px auto; opacity: 1;\"/></p><p style=\"margin-top: 20px; margin-bottom: 9px; font-family: Tahoma, Helvetica, Arial, 微软雅黑, 华文细黑, 宋体, sans-serif; line-height: 28px; color: rgb(68, 68, 68); white-space: normal;\">长得帅还不算(不排除部队也有在选人啦)，还自带暖男属性。</p><p style=\"margin-top: 20px; margin-bottom: 9px; font-family: Tahoma, Helvetica, Arial, 微软雅黑, 华文细黑, 宋体, sans-serif; line-height: 28px; color: rgb(68, 68, 68); white-space: normal;\">明星走进军营后，班长对他们从严要求，一方面又关怀备至。</p><p style=\"margin-top: 20px; margin-bottom: 9px; font-family: Tahoma, Helvetica, Arial, 微软雅黑, 华文细黑, 宋体, sans-serif; line-height: 28px; color: rgb(68, 68, 68); white-space: normal;\"><img src=\"http://p1.pstatp.com/large/3408/4804045570\" img_width=\"952\" img_height=\"603\" style=\"max-width: 100%; vertical-align: middle; border: 0px; display: block; clear: both; margin: 0px auto; opacity: 1;\"/></p><p style=\"margin-top: 20px; margin-bottom: 9px; font-family: Tahoma, Helvetica, Arial, 微软雅黑, 华文细黑, 宋体, sans-serif; line-height: 28px; color: rgb(68, 68, 68); white-space: normal;\">新兵入伍勒令袁弘刮胡子，袁弘絮絮叨叨刮胡子有多难，班长不仅没有不耐烦，反而在袁弘提出没有镜子不好刮时不经意地说了一句“我就是你的镜子”，让袁弘跟电视机前的少女心都漏跳了一拍！班长，你为什么能随口说出这么好的台词！</p><p style=\"margin-top: 20px; margin-bottom: 9px; font-family: Tahoma, Helvetica, Arial, 微软雅黑, 华文细黑, 宋体, sans-serif; line-height: 28px; color: rgb(68, 68, 68); white-space: normal;\"><img src=\"http://p2.pstatp.com/large/3414/4005514377\" img_width=\"440\" img_height=\"1486\" style=\"max-width: 100%; vertical-align: middle; border: 0px; display: block; clear: both; margin: 0px auto; opacity: 1;\"/></p><p style=\"margin-top: 20px; margin-bottom: 9px; font-family: Tahoma, Helvetica, Arial, 微软雅黑, 华文细黑, 宋体, sans-serif; line-height: 28px; color: rgb(68, 68, 68); white-space: normal;\">老袁听到这句话表情很微妙呢。</p><p style=\"margin-top: 20px; margin-bottom: 9px; font-family: Tahoma, Helvetica, Arial, 微软雅黑, 华文细黑, 宋体, sans-serif; line-height: 28px; color: rgb(68, 68, 68); white-space: normal;\">在后来训练的时候又细心为袁弘吹沙子！</p><p style=\"margin-top: 20px; margin-bottom: 9px; font-family: Tahoma, Helvetica, Arial, 微软雅黑, 华文细黑, 宋体, sans-serif; line-height: 28px; color: rgb(68, 68, 68); white-space: normal;\"><img src=\"http://p2.pstatp.com/large/3411/4304962817\" img_width=\"440\" img_height=\"1238\" style=\"max-width: 100%; vertical-align: middle; border: 0px; display: block; clear: both; margin: 0px auto; opacity: 1;\"/></p><p style=\"margin-top: 20px; margin-bottom: 9px; font-family: Tahoma, Helvetica, Arial, 微软雅黑, 华文细黑, 宋体, sans-serif; line-height: 28px; color: rgb(68, 68, 68); white-space: normal;\">炸了炸了炸了！</p><p style=\"margin-top: 20px; margin-bottom: 9px; font-family: Tahoma, Helvetica, Arial, 微软雅黑, 华文细黑, 宋体, sans-serif; line-height: 28px; color: rgb(68, 68, 68); white-space: normal;\">郭晓冬因为肠炎而难受得吃不下饭，班长自己连饭都顾不得吃完，就带着郭晓冬去看医生、拿药，还担心他晚上会饿，体贴地为他外带了饺子。夜间三公里跑班长一直跟在杜海涛身边陪跑加油。</p><p style=\"margin-top: 20px; margin-bottom: 9px; font-family: Tahoma, Helvetica, Arial, 微软雅黑, 华文细黑, 宋体, sans-serif; line-height: 28px; color: rgb(68, 68, 68); white-space: normal;\"><img src=\"http://p2.pstatp.com/large/3409/4509653868\" img_width=\"434\" img_height=\"488\" style=\"max-width: 100%; vertical-align: middle; border: 0px; display: block; clear: both; margin: 0px auto; opacity: 1;\"/></p><p style=\"margin-top: 20px; margin-bottom: 9px; font-family: Tahoma, Helvetica, Arial, 微软雅黑, 华文细黑, 宋体, sans-serif; line-height: 28px; color: rgb(68, 68, 68); white-space: normal;\">报告班长！你愿意一辈子当我的镜子吗！请你嫁给我！</p><p style=\"margin-top: 20px; margin-bottom: 9px; font-family: Tahoma, Helvetica, Arial, 微软雅黑, 华文细黑, 宋体, sans-serif; line-height: 28px; color: rgb(68, 68, 68); white-space: normal;\">当煲仔正感叹终于找到一个追节目的理由时，结果下一集明星新兵们离开营地，班长不跟着下连了！哈！？刚开始谈恋爱就要分手的感觉是怎么回事！</p><p style=\"margin-top: 20px; margin-bottom: 9px; font-family: Tahoma, Helvetica, Arial, 微软雅黑, 华文细黑, 宋体, sans-serif; line-height: 28px; color: rgb(68, 68, 68); white-space: normal;\"><img src=\"http://p1.pstatp.com/large/3411/4304735712\" img_width=\"585\" img_height=\"136\" style=\"max-width: 100%; vertical-align: middle; border: 0px; display: block; clear: both; margin: 0px auto; opacity: 1;\"/></p><p style=\"margin-top: 20px; margin-bottom: 9px; font-family: Tahoma, Helvetica, Arial, 微软雅黑, 华文细黑, 宋体, sans-serif; line-height: 28px; color: rgb(68, 68, 68); white-space: normal;\">班长目前还是单身，煲仔放心了。</p><p style=\"margin-top: 20px; margin-bottom: 9px; font-family: Tahoma, Helvetica, Arial, 微软雅黑, 华文细黑, 宋体, sans-serif; line-height: 28px; color: rgb(68, 68, 68); white-space: normal;\"><img src=\"http://p2.pstatp.com/large/3408/4804493112\" img_width=\"561\" img_height=\"174\" style=\"max-width: 100%; vertical-align: middle; border: 0px; display: block; clear: both; margin: 0px auto; opacity: 1;\"/></p><p style=\"margin-top: 20px; margin-bottom: 9px; font-family: Tahoma, Helvetica, Arial, 微软雅黑, 华文细黑, 宋体, sans-serif; line-height: 28px; color: rgb(68, 68, 68); white-space: normal;\">顺便说一下节目里另外一枚小鲜肉，今年17岁的刘昊然，虽然一开始辨识度不高，但他不做作肯吃苦耐劳的个性挺招人喜欢的。</p><p style=\"margin-top: 20px; margin-bottom: 9px; font-family: Tahoma, Helvetica, Arial, 微软雅黑, 华文细黑, 宋体, sans-serif; line-height: 28px; color: rgb(68, 68, 68); white-space: normal;\"><img src=\"http://p2.pstatp.com/large/3414/4005492718\" img_width=\"422\" img_height=\"242\" style=\"max-width: 100%; vertical-align: middle; border: 0px; display: block; clear: both; margin: 0px auto; opacity: 1;\"/></p><p style=\"margin-top: 20px; margin-bottom: 9px; font-family: Tahoma, Helvetica, Arial, 微软雅黑, 华文细黑, 宋体, sans-serif; line-height: 28px; color: rgb(68, 68, 68); white-space: normal;\">小伙子现就读于北京舞蹈学院附属中学，马上就要参加高考了。</p><p style=\"margin-top: 20px; margin-bottom: 9px; font-family: Tahoma, Helvetica, Arial, 微软雅黑, 华文细黑, 宋体, sans-serif; line-height: 28px; color: rgb(68, 68, 68); white-space: normal;\"><img src=\"http://p2.pstatp.com/large/3408/4804406873\" img_width=\"600\" img_height=\"400\" style=\"max-width: 100%; vertical-align: middle; border: 0px; display: block; clear: both; margin: 0px auto; opacity: 1;\"/></p><p style=\"margin-top: 20px; margin-bottom: 9px; font-family: Tahoma, Helvetica, Arial, 微软雅黑, 华文细黑, 宋体, sans-serif; line-height: 28px; color: rgb(68, 68, 68); white-space: normal;\">刘昊然目前只拍了一部电影《北京爱情故事》,上过一次快乐大本营，然后就是来参加这档节目了，接下来又要和王宝强一起演陈思诚当导演的电影《唐人街探案》。</p><p style=\"margin-top: 20px; margin-bottom: 9px; font-family: Tahoma, Helvetica, Arial, 微软雅黑, 华文细黑, 宋体, sans-serif; line-height: 28px; color: rgb(68, 68, 68); white-space: normal;\">打分目前最好看的是预告片</p><p style=\"margin-top: 20px; margin-bottom: 9px; font-family: Tahoma, Helvetica, Arial, 微软雅黑, 华文细黑, 宋体, sans-serif; line-height: 28px; color: rgb(68, 68, 68); white-space: normal;\">说完面子，煲仔也说一下里子吧。就目前第一期的节目来看，训练程度也还是军训水平，几位明星之间的化学反应还没体现，除了我们可爱的班长以及杜海涛无论参加什么节目都跟在录变形记一样以外，整体没什么吸引人的亮点。</p><p style=\"margin-top: 20px; margin-bottom: 9px; font-family: Tahoma, Helvetica, Arial, 微软雅黑, 华文细黑, 宋体, sans-serif; line-height: 28px; color: rgb(68, 68, 68); white-space: normal;\"><img src=\"http://p2.pstatp.com/large/3413/4094401484\" img_width=\"600\" img_height=\"400\" style=\"max-width: 100%; vertical-align: middle; border: 0px; display: block; clear: both; margin: 0px auto; opacity: 1;\"/></p><p style=\"margin-top: 20px; margin-bottom: 9px; font-family: Tahoma, Helvetica, Arial, 微软雅黑, 华文细黑, 宋体, sans-serif; line-height: 28px; color: rgb(68, 68, 68); white-space: normal;\">节目中还将有轮换制嘉宾环节，这位新加入的艺人大家可以猜猜看</p><p style=\"margin-top: 20px; margin-bottom: 9px; font-family: Tahoma, Helvetica, Arial, 微软雅黑, 华文细黑, 宋体, sans-serif; line-height: 28px; color: rgb(68, 68, 68); white-space: normal;\">中间还反复穿插各种爱国主义煽情的预告，不知道大家怎么想，反正煲仔特别反感这一套，加上整期节目进展太快，一集就讲完几个月的新兵训练过程，在最后的授勋和教官感动落泪的镜头时，并没有太感同身受。当然，煲仔在听到班长不跟着一起下连的时候留下了两滴热泪并决定不再看了。</p><p style=\"margin-top: 20px; margin-bottom: 9px; font-family: Tahoma, Helvetica, Arial, 微软雅黑, 华文细黑, 宋体, sans-serif; line-height: 28px; color: rgb(68, 68, 68); white-space: normal;\"><img src=\"http://p2.pstatp.com/large/3410/4410809996\" img_width=\"437\" img_height=\"242\" style=\"max-width: 100%; vertical-align: middle; border: 0px; display: block; clear: both; margin: 0px auto; opacity: 1;\"/></p><p style=\"margin-top: 20px; margin-bottom: 9px; font-family: Tahoma, Helvetica, Arial, 微软雅黑, 华文细黑, 宋体, sans-serif; line-height: 28px; color: rgb(68, 68, 68); white-space: normal;\">这档节目因为除了是芒果台制作，还有中国人民解放军八一电影制片厂、济南军区的参与，可能多少有些官方限制，听说很多军训镜头也被删减了，之前的连续三次延播，都被认为与“军事泄密”有关，在当首期节目中，除了在实弹射击训练中亮相的九五式步枪，也没有更多的武器出现，不过在闪回的预告片花中，有坦克、大炮及大规模的军演镜头在未来的节目中播出。</p><p style=\"margin-top: 20px; margin-bottom: 9px; font-family: Tahoma, Helvetica, Arial, 微软雅黑, 华文细黑, 宋体, sans-serif; line-height: 28px; color: rgb(68, 68, 68); white-space: normal;\"><img src=\"http://p3.pstatp.com/large/3413/4094455538\" img_width=\"400\" img_height=\"458\" style=\"max-width: 100%; vertical-align: middle; border: 0px; display: block; clear: both; margin: 0px auto; opacity: 1;\"/></p><p style=\"margin-top: 20px; margin-bottom: 9px; font-family: Tahoma, Helvetica, Arial, 微软雅黑, 华文细黑, 宋体, sans-serif; line-height: 28px; color: rgb(68, 68, 68); white-space: normal;\">对了，这档节目也是引进自韩国的《真正的男人》，煲仔特意去看了几集原版，讲真，那气氛，没得比。他们如果像我们的明星一样忍俊不禁不严守纪律的话，后果很严重。</p><p style=\"margin-top: 20px; margin-bottom: 9px; font-family: Tahoma, Helvetica, Arial, 微软雅黑, 华文细黑, 宋体, sans-serif; line-height: 28px; color: rgb(68, 68, 68); white-space: normal;\">毕竟在韩国服兵役是他们来说是很重要的一件事，参加的明星都很认真对待，教官也是那种自内而外的威严,不是说因为录节目刻意对明星的凶，韩版会让明星和普通新兵同期训练，住一个宿舍，更有部队的真实感。</p><p style=\"margin-top: 20px; margin-bottom: 9px; font-family: Tahoma, Helvetica, Arial, 微软雅黑, 华文细黑, 宋体, sans-serif; line-height: 28px; color: rgb(68, 68, 68); white-space: normal;\"><img src=\"http://p2.pstatp.com/large/3409/4509760028\" img_width=\"600\" img_height=\"400\" style=\"max-width: 100%; vertical-align: middle; border: 0px; display: block; clear: both; margin: 0px auto; opacity: 1;\"/></p><p style=\"margin-top: 20px; margin-bottom: 9px; font-family: Tahoma, Helvetica, Arial, 微软雅黑, 华文细黑, 宋体, sans-serif; line-height: 28px; color: rgb(68, 68, 68); white-space: normal;\">让明星在零下20度户外光膀子训练，挖地洞野营更是常事，如果说韩版是让民众了解真实的服兵役，我们的版本除了看颜值，是否还有更多的表现，还有待观察吧。</p><p><br/></p>', '0', null, '0', '1', '2', '2', '0');
INSERT INTO `t_news` VALUES ('21', '郑爽手机泄密 胡彦斌恋情曝光', '今日头条', 'http://toutiao.com/', '2015-05-05 10:39:27', '<div class=\"pic\" style=\"border: 0px none; margin: 0px 0px 15px; outline: none 0px; padding: 0px; width: 645px; position: relative; clear: both; color: rgb(51, 51, 51); font-family: Verdana, Arial, PMingLiU, sans-serif; font-size: 18px; line-height: 30.6000003814697px; white-space: normal;\"><figure style=\"border: 0px none; margin: 0px; outline: none 0px; padding: 0px;\"><div class=\"img_view\" style=\"border: 0px none; margin: 0px; outline: none 0px; padding: 0px; width: 645px; height: auto; overflow: hidden; background: url(http://cache.chinatimes.com/images/gallery_stripe_bg.gif) 0px 0px repeat scroll transparent;\"><img src=\"http://img.chinatimes.com/newsphoto/2015-05-05/656/n25a00_p_01_02.jpg\" alt=\"3月12日上海，大陆明星郑爽出席影视公司活动。（CFP）\" title=\"郑爽手机泄密 胡彦斌恋情曝光\" class=\"v\" data-width=\"656\" data-height=\"1093\" data-aspect-ratio=\"0.6001829826166514\" style=\"text-align: center; border: 0px; margin: 0px auto; outline: none 0px; padding: 0px; max-width: 645px; height: auto; display: block;\"/></div><figcaption style=\"text-align: center; border: 0px none; margin: 0px; outline: none 0px; padding: 10px 15px; color: rgb(109, 109, 109); word-break: break-all; font-size: 0.9em; background-color: rgb(239, 239, 239);\">3月12日上海，大陆明星郑爽出席影视公司活动。（CFP）</figcaption></figure></div><div class=\"pic\" style=\"border: 0px none; margin: 0px 0px 15px; outline: none 0px; padding: 0px; width: 645px; position: relative; clear: both; color: rgb(51, 51, 51); font-family: Verdana, Arial, PMingLiU, sans-serif; font-size: 18px; line-height: 30.6000003814697px; white-space: normal;\"><figure style=\"border: 0px none; margin: 0px; outline: none 0px; padding: 0px;\"><div class=\"img_view\" style=\"border: 0px none; margin: 0px; outline: none 0px; padding: 0px; width: 645px; height: auto; overflow: hidden; background: url(http://cache.chinatimes.com/images/gallery_stripe_bg.gif) 0px 0px repeat scroll transparent;\"><img src=\"http://img.chinatimes.com/newsphoto/2015-05-05/656/n25a00_p_01_03.jpg\" alt=\"就是这张特写，让郑爽的百度帐号意外曝光。（取自新浪微博@tawhuzz）\" title=\"郑爽手机泄密 胡彦斌恋情曝光\" style=\"text-align: center; border: 0px; margin: 0px auto; outline: none 0px; padding: 0px; max-width: 645px; height: auto; display: block;\"/></div><figcaption style=\"text-align: center; border: 0px none; margin: 0px; outline: none 0px; padding: 10px 15px; color: rgb(109, 109, 109); word-break: break-all; font-size: 0.9em; background-color: rgb(239, 239, 239);\">就是这张特写，让郑爽的百度帐号意外曝光。（取自新浪微博@tawhuzz）</figcaption></figure></div><div class=\"pic\" style=\"border: 0px none; margin: 0px 0px 15px; outline: none 0px; padding: 0px; width: 645px; position: relative; clear: both; color: rgb(51, 51, 51); font-family: Verdana, Arial, PMingLiU, sans-serif; font-size: 18px; line-height: 30.6000003814697px; white-space: normal;\"><figure style=\"border: 0px none; margin: 0px; outline: none 0px; padding: 0px;\"><div class=\"img_view\" style=\"border: 0px none; margin: 0px; outline: none 0px; padding: 0px; width: 645px; height: auto; overflow: hidden; background: url(http://cache.chinatimes.com/images/gallery_stripe_bg.gif) 0px 0px repeat scroll transparent;\"><img src=\"http://img.chinatimes.com/newsphoto/2015-05-05/656/n25a00_p_01_04.jpg\" alt=\"大陆歌手胡彦斌。（台视提供）\" title=\"郑爽手机泄密 胡彦斌恋情曝光\" style=\"text-align: center; border: 0px; margin: 0px auto; outline: none 0px; padding: 0px; max-width: 645px; height: auto; display: block;\"/></div><figcaption style=\"text-align: center; border: 0px none; margin: 0px; outline: none 0px; padding: 10px 15px; color: rgb(109, 109, 109); word-break: break-all; font-size: 0.9em; background-color: rgb(239, 239, 239);\">大陆歌手胡彦斌。（台视提供）</figcaption></figure></div><p style=\"border: 0px none; margin-top: 0px; margin-bottom: 30px; margin-left: 12px; outline: none 0px; padding: 0px; font-size: 18px; line-height: 30.6000003814697px; color: rgb(51, 51, 51); font-family: Verdana, Arial, PMingLiU, sans-serif; white-space: normal;\">大陆演员郑爽在旅游实境节目上订饭店，手机萤幕被摄影机抓到特写，意外曝光其私人邮箱地址。网友当起柯南，找到郑爽的百度帐号，还发现这个帐号只关注「胡彦斌吧」，这让之前传闻她与胡彦斌共游日本的传闻增添可信度。</p><p style=\"border: 0px none; margin-top: 0px; margin-bottom: 30px; margin-left: 12px; outline: none 0px; padding: 0px; font-size: 18px; line-height: 30.6000003814697px; color: rgb(51, 51, 51); font-family: Verdana, Arial, PMingLiU, sans-serif; white-space: normal;\">当节目花絮影片还在「炒」郑爽与前男友张翰的往日情事、与井柏然「正经夫妇」的互动时，4日微博爆出最新消息，郑爽的百度帐号被网友抓包，帐号昵称「壳大」，最常在百度「节食吧」留言，还会爆粗口，只关注「胡彦斌吧」。</p><div id=\"div-inread-ad\" style=\"border: 0px none; margin: 0px; outline: none 0px; padding: 0px; position: relative; width: 647px; float: right; overflow: hidden; color: rgb(51, 51, 51); font-family: Verdana, Arial, PMingLiU, sans-serif; font-size: 18px; line-height: 30.6000003814697px; white-space: normal;\"></div><p style=\"border: 0px none; margin-top: 0px; margin-bottom: 30px; margin-left: 12px; outline: none 0px; padding: 0px; font-size: 18px; line-height: 30.6000003814697px; color: rgb(51, 51, 51); font-family: Verdana, Arial, PMingLiU, sans-serif; white-space: normal;\">壳大热心回答问题</p><p style=\"border: 0px none; margin-top: 0px; margin-bottom: 30px; margin-left: 12px; outline: none 0px; padding: 0px; font-size: 18px; line-height: 30.6000003814697px; color: rgb(51, 51, 51); font-family: Verdana, Arial, PMingLiU, sans-serif; white-space: normal;\">网友实在太厉害，还找到郑爽其他以「壳大」名义发表的减肥帖子。「壳大」自称身高168公分，星座狮子座，与网路上公开的演员资讯对的上，百度昵称与郑爽的微信名称相同；网友又意外发现，「壳大」相当热心回答网友问题。长年混迹于「百度知道」（类似台湾雅虎知识家），回答范围广泛，包括养生、美容、音乐、连男朋友开保时捷都提供给网友参考（前男友张翰有台保时捷）。</p><p style=\"border: 0px none; margin-top: 0px; margin-bottom: 30px; margin-left: 12px; outline: none 0px; padding: 0px; font-size: 18px; line-height: 30.6000003814697px; color: rgb(51, 51, 51); font-family: Verdana, Arial, PMingLiU, sans-serif; white-space: normal;\">看到郑爽私下不为人知的一面，网友多半觉得郑爽性格相当可爱：「作为一个明星，在繁忙的工作之余，如此热心在百度回答网友提问简直感天动地。」、「网友这是开神通力了」、「一个明星居然玩百度知道」、「卓伟叔叔给力拍张照吧。」网友对于两人的恋情仍有些半信半疑。</p><p style=\"border: 0px none; margin-top: 0px; margin-bottom: 30px; margin-left: 12px; outline: none 0px; padding: 0px; font-size: 18px; line-height: 30.6000003814697px; color: rgb(51, 51, 51); font-family: Verdana, Arial, PMingLiU, sans-serif; white-space: normal;\">两人拍戏间频往杭州</p><p style=\"border: 0px none; margin-top: 0px; margin-bottom: 30px; margin-left: 12px; outline: none 0px; padding: 0px; font-size: 18px; line-height: 30.6000003814697px; color: rgb(51, 51, 51); font-family: Verdana, Arial, PMingLiU, sans-serif; white-space: normal;\">虽然早前官方否认郑爽与胡彦斌交往，但网友找出郑爽和胡彦斌恋情的「蛛丝马迹」，就连胡彦斌微博拍的风景照，都被人找出是东京地标摩天轮。胡彦斌在郑爽杭州拍戏期间频繁去杭州；网友曝光去年11月底两人同时入住杭州饭店的纪录。2月两人出游新加坡、日本，各地皆有网友目击，唯经纪公司声称两人只是工作伙伴。也有网友发现郑爽与胡彦斌戴着同款情侣项炼。郑爽的经纪人则回应要再去了解情况，随后即关机。</p><p><br/></p>', '0', null, '0', '0', '3', '2', '0');
INSERT INTO `t_news` VALUES ('22', '习近平将出席俄纪念卫国战争庆典并访俄哈白三国', '百度新闻', 'http://huaxi.media.baidu.com/', '2015-05-05 10:46:18', '<p class=\"text\" style=\"padding: 0px; margin-top: 0px; margin-bottom: 26px; border: 0px; -webkit-font-smoothing: antialiased; font-size: 14px; font-family: 宋体; vertical-align: baseline; line-height: 26px; text-indent: 2em; white-space: normal;\">（2014年11月9日，国家主席习近平在北京钓鱼台国宾馆会见俄罗斯总统普京。新华社记者 兰红光 摄）</p><p class=\"text\" style=\"padding: 0px; margin-top: 0px; margin-bottom: 26px; border: 0px; -webkit-font-smoothing: antialiased; font-size: 14px; font-family: 宋体; vertical-align: baseline; line-height: 26px; text-indent: 2em; white-space: normal;\"><strong style=\"padding: 0px; margin: 0px; border: 0px; -webkit-font-smoothing: antialiased;\">习近平将出席俄罗斯纪念卫国战争胜利70周年庆典并访问俄罗斯、哈萨克斯坦、白俄罗斯</strong></p><p class=\"text\" style=\"padding: 0px; margin-top: 0px; margin-bottom: 26px; border: 0px; -webkit-font-smoothing: antialiased; font-size: 14px; font-family: 宋体; vertical-align: baseline; line-height: 26px; text-indent: 2em; white-space: normal;\">新华社北京5月4日电 外交部发言人陆慷4日宣布，应哈萨克斯坦共和国总统纳扎尔巴耶夫邀请，国家主席习近平将于7日访问哈萨克斯坦。</p><p class=\"text\" style=\"padding: 0px; margin-top: 0px; margin-bottom: 26px; border: 0px; -webkit-font-smoothing: antialiased; font-size: 14px; font-family: 宋体; vertical-align: baseline; line-height: 26px; text-indent: 2em; white-space: normal;\">应俄罗斯联邦总统普京邀请，国家主席习近平将于8日至10日出席在莫斯科举行的纪念卫国战争胜利70周年庆典并访问俄罗斯。</p><p class=\"text\" style=\"padding: 0px; margin-top: 0px; margin-bottom: 26px; border: 0px; -webkit-font-smoothing: antialiased; font-size: 14px; font-family: 宋体; vertical-align: baseline; line-height: 26px; text-indent: 2em; white-space: normal;\">应白俄罗斯共和国总统卢卡申科邀请，国家主席习近平将于10日至12日对白俄罗斯进行国事访问。（完）</p><p class=\"text\" style=\"padding: 0px; margin-top: 0px; margin-bottom: 26px; border: 0px; -webkit-font-smoothing: antialiased; font-size: 14px; font-family: 宋体; vertical-align: baseline; line-height: 26px; text-indent: 2em; white-space: normal;\"><strong style=\"padding: 0px; margin: 0px; border: 0px; -webkit-font-smoothing: antialiased;\">拱卫世界和平 推进发展合作 习近平此次欧亚之行意义重大</strong></p><p class=\"text\" style=\"padding: 0px; margin-top: 0px; margin-bottom: 26px; border: 0px; -webkit-font-smoothing: antialiased; font-size: 14px; font-family: 宋体; vertical-align: baseline; line-height: 26px; text-indent: 2em; white-space: normal;\">（原标题：拱卫世界和平 推进发展合作——写在习近平主席即将赴俄罗斯出席纪念卫国战争胜利70周年庆典并访俄、哈萨克斯坦和白俄罗斯之际）</p><p class=\"text\" style=\"padding: 0px; margin-top: 0px; margin-bottom: 26px; border: 0px; -webkit-font-smoothing: antialiased; font-size: 14px; font-family: 宋体; vertical-align: baseline; line-height: 26px; text-indent: 2em; white-space: normal;\">5月春暖，红莓花开。5月7日至12日，国家主席习近平将出席在俄罗斯举行的纪念卫国战争胜利70周年庆典并访俄、哈萨克斯坦和对白俄罗斯进行国事访问。</p><p class=\"text\" style=\"padding: 0px; margin-top: 0px; margin-bottom: 26px; border: 0px; -webkit-font-smoothing: antialiased; font-size: 14px; font-family: 宋体; vertical-align: baseline; line-height: 26px; text-indent: 2em; white-space: normal;\">习主席此次欧亚之行意义重大，将彰显中俄作为联合国安理会常任理事国和二战战胜国，愿与国际社会一道，共同维护二战胜利成果、捍卫世界和平的决心与信心。此访还将进一步深化中国与上述3国的互利合作，为推进丝绸之路经济带在欧亚地区的建设提供新动力，为地区发展带来新机遇。</p><p class=\"text\" style=\"padding: 0px; margin-top: 0px; margin-bottom: 26px; border: 0px; -webkit-font-smoothing: antialiased; font-size: 14px; font-family: 宋体; vertical-align: baseline; line-height: 26px; text-indent: 2em; white-space: normal;\"><strong style=\"padding: 0px; margin: 0px; border: 0px; -webkit-font-smoothing: antialiased;\">缅怀历史开创未来</strong></p><p class=\"text\" style=\"padding: 0px; margin-top: 0px; margin-bottom: 26px; border: 0px; -webkit-font-smoothing: antialiased; font-size: 14px; font-family: 宋体; vertical-align: baseline; line-height: 26px; text-indent: 2em; white-space: normal;\">今年是世界反法西斯战争暨中国人民抗日战争胜利70周年。中俄作为二战亚洲和欧洲的两个主战场，为世界反法西斯战争胜利作出了巨大贡献。中俄决定共同举办一系列庆祝活动，包括两国领导人相互出席对方举办的相关庆祝和纪念活动，对于铭记历史、缅怀先烈、维护和平、开创未来，具有重要意义。</p><p class=\"text\" style=\"padding: 0px; margin-top: 0px; margin-bottom: 26px; border: 0px; -webkit-font-smoothing: antialiased; font-size: 14px; font-family: 宋体; vertical-align: baseline; line-height: 26px; text-indent: 2em; white-space: normal;\">访问期间，习主席将出席俄罗斯纪念卫国战争胜利70周年庆典，会见俄罗斯和白俄罗斯二战老战士并在白俄罗斯参观卫国战争历史博物馆。</p><p class=\"text\" style=\"padding: 0px; margin-top: 0px; margin-bottom: 26px; border: 0px; -webkit-font-smoothing: antialiased; font-size: 14px; font-family: 宋体; vertical-align: baseline; line-height: 26px; text-indent: 2em; white-space: normal;\">“中国与俄罗斯、白俄罗斯都是反法西斯战争的战胜国。庆祝胜利是为了以史为鉴、开辟未来，这是所有为胜利付出了巨大代价的人民的共同愿望。”中国前驻白俄罗斯大使于振起说。</p><p class=\"text\" style=\"padding: 0px; margin-top: 0px; margin-bottom: 26px; border: 0px; -webkit-font-smoothing: antialiased; font-size: 14px; font-family: 宋体; vertical-align: baseline; line-height: 26px; text-indent: 2em; white-space: normal;\">举办纪念活动铭记二战历史，不忘战争带给人类的深重灾难，是为了防止悲剧重演，确保和平永驻；铭记二战历史，更是为了提醒国际社会，需要共同捍卫二战胜利成果和国际公平正义，必须警惕和抵制在历史认知和维护战后国际秩序问题上的倒行逆施。</p><p class=\"text\" style=\"padding: 0px; margin-top: 0px; margin-bottom: 26px; border: 0px; -webkit-font-smoothing: antialiased; font-size: 14px; font-family: 宋体; vertical-align: baseline; line-height: 26px; text-indent: 2em; white-space: normal;\">中国国际问题研究院欧亚所副所长李自国指出，我们有必要重新回顾历史，从悲剧中吸取教训，从胜利中汲取力量，警惕粉饰军国主义和法西斯主义的复活倾向。</p><p class=\"img\" style=\"padding: 0px; margin-top: 0px; margin-bottom: 20px; border: 0px; -webkit-font-smoothing: antialiased; font-family: arial, &#39;Hiragino Sans GB&#39;, &#39;Microsoft Yahei&#39;, 微软雅黑, 宋体, 宋体, Tahoma, Arial, Helvetica, STHeiti; vertical-align: baseline; text-align: center; line-height: 24px; white-space: normal;\"><img src=\"http://news.huaxi100.com/uploadfile/2015/0504/20150504060520895.jpg\" width=\"100%\" style=\"padding: 0px; margin: 0px; border: 0px; -webkit-font-smoothing: antialiased; vertical-align: baseline; max-width: 650px;\"/></p><p class=\"text\" style=\"padding: 0px; margin-top: 0px; margin-bottom: 26px; border: 0px; -webkit-font-smoothing: antialiased; font-size: 14px; font-family: 宋体; vertical-align: baseline; line-height: 26px; text-indent: 2em; white-space: normal;\">（2013年7月16日，中国国家主席习近平在北京人民大会堂同白俄罗斯总统卢卡申科举行会谈。这是会谈前，习近平在人民大会堂东门外广场为卢卡申科举行欢迎仪式。新华社记者 姚大伟 摄）</p><p class=\"text\" style=\"padding: 0px; margin-top: 0px; margin-bottom: 26px; border: 0px; -webkit-font-smoothing: antialiased; font-size: 14px; font-family: 宋体; vertical-align: baseline; line-height: 26px; text-indent: 2em; white-space: normal;\"><strong style=\"padding: 0px; margin: 0px; border: 0px; -webkit-font-smoothing: antialiased;\">深化合作互利共赢</strong></p><p class=\"text\" style=\"padding: 0px; margin-top: 0px; margin-bottom: 26px; border: 0px; -webkit-font-smoothing: antialiased; font-size: 14px; font-family: 宋体; vertical-align: baseline; line-height: 26px; text-indent: 2em; white-space: normal;\">俄白哈3国都是欧亚地区重要国家，均把发展对华关系视为外交优先方向。中国与3国政治互信水平高，支持彼此核心利益和重大关切；对国际问题的看法高度一致，在多边机制和国际舞台上的协作不断加深。</p><p class=\"text\" style=\"padding: 0px; margin-top: 0px; margin-bottom: 26px; border: 0px; -webkit-font-smoothing: antialiased; font-size: 14px; font-family: 宋体; vertical-align: baseline; line-height: 26px; text-indent: 2em; white-space: normal;\">中俄互为最大邻国，建立了比较完善的合作机制，包括政府首脑、各部门间的定期会晤机制。两年多来，中俄两国元首8次会晤，对两国全面战略协作伙伴关系发展进行战略引领和顶层设计，推动双边关系进入新的发展阶段。</p><p class=\"text\" style=\"padding: 0px; margin-top: 0px; margin-bottom: 26px; border: 0px; -webkit-font-smoothing: antialiased; font-size: 14px; font-family: 宋体; vertical-align: baseline; line-height: 26px; text-indent: 2em; white-space: normal;\">以经贸为例，中国已经连续5年是俄罗斯第一大贸易伙伴，充分体现了双方经贸关系的互补性。2014年，中俄贸易额达到952.8亿美元，同比增长6.8%。今年，两国经贸合作有望保持稳健增长，实现两国元首确定的1000亿美元贸易额的目标。</p><p class=\"text\" style=\"padding: 0px; margin-top: 0px; margin-bottom: 26px; border: 0px; -webkit-font-smoothing: antialiased; font-size: 14px; font-family: 宋体; vertical-align: baseline; line-height: 26px; text-indent: 2em; white-space: normal;\">习主席访问期间，中俄将在能源、金融、投资、基础设施建设等领域签署一系列重点项目的合作协议，同时确定下一阶段合作重点。俄科学院远东所副所长奥斯特洛夫斯基认为，与政治合作高水平相比，俄中金融、投资等领域的务实合作还有极大提升空间。</p><p class=\"text\" style=\"padding: 0px; margin-top: 0px; margin-bottom: 26px; border: 0px; -webkit-font-smoothing: antialiased; font-size: 14px; font-family: 宋体; vertical-align: baseline; line-height: 26px; text-indent: 2em; white-space: normal;\">白俄罗斯是中国在独联体地区的重要合作伙伴。中白2013年建立全面战略伙伴关系以来，双方各领域合作加速推进，成果显著。2014年9月，中白政府间合作委员会举行第一次会议，正式启动委员会机制，为深化两国务实合作注入新动力。</p><p class=\"text\" style=\"padding: 0px; margin-top: 0px; margin-bottom: 26px; border: 0px; -webkit-font-smoothing: antialiased; font-size: 14px; font-family: 宋体; vertical-align: baseline; line-height: 26px; text-indent: 2em; white-space: normal;\">2014年，中白双边贸易额增长27.3%，中国成为白第五大贸易伙伴，也是白在亚洲最大贸易伙伴。中白投资合作取得突破，中国在白最大投资项目——中白工业园去年奠基。该工业园以苏州工业园为模板，将成为中国在海外建设的最大工业园之一。</p><p class=\"text\" style=\"padding: 0px; margin-top: 0px; margin-bottom: 26px; border: 0px; -webkit-font-smoothing: antialiased; font-size: 14px; font-family: 宋体; vertical-align: baseline; line-height: 26px; text-indent: 2em; white-space: normal;\">白各界热切期待中国国家元首时隔14年后的首访。“习主席此次划时代的访问将为中白合作注入强劲动力。”白俄罗斯驻华大使布里亚说。</p><p class=\"img\" style=\"padding: 0px; margin-top: 0px; margin-bottom: 20px; border: 0px; -webkit-font-smoothing: antialiased; font-family: arial, &#39;Hiragino Sans GB&#39;, &#39;Microsoft Yahei&#39;, 微软雅黑, 宋体, 宋体, Tahoma, Arial, Helvetica, STHeiti; vertical-align: baseline; text-align: center; line-height: 24px; white-space: normal;\"><img src=\"http://news.huaxi100.com/uploadfile/2015/0504/20150504060521142.jpg\" width=\"100%\" style=\"padding: 0px; margin: 0px; border: 0px; -webkit-font-smoothing: antialiased; vertical-align: baseline; max-width: 650px;\"/></p><p class=\"text\" style=\"padding: 0px; margin-top: 0px; margin-bottom: 26px; border: 0px; -webkit-font-smoothing: antialiased; font-size: 14px; font-family: 宋体; vertical-align: baseline; line-height: 26px; text-indent: 2em; white-space: normal;\">（2014年9月12日，国家主席习近平在杜尚别会见哈萨克斯坦总统纳扎尔巴耶夫。 新华社记者谢环驰摄）</p><p class=\"text\" style=\"padding: 0px; margin-top: 0px; margin-bottom: 26px; border: 0px; -webkit-font-smoothing: antialiased; font-size: 14px; font-family: 宋体; vertical-align: baseline; line-height: 26px; text-indent: 2em; white-space: normal;\"><strong style=\"padding: 0px; margin: 0px; border: 0px; -webkit-font-smoothing: antialiased;\">对接发展共谋福祉</strong></p><p class=\"text\" style=\"padding: 0px; margin-top: 0px; margin-bottom: 26px; border: 0px; -webkit-font-smoothing: antialiased; font-size: 14px; font-family: 宋体; vertical-align: baseline; line-height: 26px; text-indent: 2em; white-space: normal;\">2013年9月，习主席在访问哈萨克斯坦时首次提出共建丝绸之路经济带。一年多来，这一倡议得到越来越多沿线国家的积极响应。俄白哈是丝绸之路经济带建设的重要合作伙伴，俄罗斯总统普京、白俄罗斯总统卢卡申科和哈萨克斯坦总统纳扎尔巴耶夫均明确表示支持这一构想。</p><p class=\"text\" style=\"padding: 0px; margin-top: 0px; margin-bottom: 26px; border: 0px; -webkit-font-smoothing: antialiased; font-size: 14px; font-family: 宋体; vertical-align: baseline; line-height: 26px; text-indent: 2em; white-space: normal;\">俄罗斯和哈萨克斯坦已加入亚洲基础设施投资银行。中白2014年签署关于共建丝绸之路经济带的合作议定书。中国社会科学院俄罗斯问题专家孙壮志说，丝绸之路经济带建设对于深化中国与3国的合作是新契机，也将给地区经济合作带来新面貌，使合作更具互惠和战略性质。</p><p class=\"text\" style=\"padding: 0px; margin-top: 0px; margin-bottom: 26px; border: 0px; -webkit-font-smoothing: antialiased; font-size: 14px; font-family: 宋体; vertical-align: baseline; line-height: 26px; text-indent: 2em; white-space: normal;\">俄白哈是丝绸之路经济带互联互通建设的重要途经国，“渝新欧”、“义新欧”等多个中欧班列均途经3国，最终抵达西欧。互联互通建设将推动欧亚大陆腹地“走出去”，与经济最具活力的亚太地区进行交流合作。</p><p class=\"text\" style=\"padding: 0px; margin-top: 0px; margin-bottom: 26px; border: 0px; -webkit-font-smoothing: antialiased; font-size: 14px; font-family: 宋体; vertical-align: baseline; line-height: 26px; text-indent: 2em; white-space: normal;\">丝绸之路经济带建设有利于加快地区产业转移和升级，形成更为密切的产业合作链。中国前驻白俄罗斯大使鲁桂成说，习主席此访将推动中白工业园成为丝绸之路经济带建设的一个旗舰项目。</p><p class=\"text\" style=\"padding: 0px; margin-top: 0px; margin-bottom: 26px; border: 0px; -webkit-font-smoothing: antialiased; font-size: 14px; font-family: 宋体; vertical-align: baseline; line-height: 26px; text-indent: 2em; white-space: normal;\">中国的丝绸之路经济带建设倡议遵循开放、自愿和公开的原则，照顾有关各方的利益和舒适度，寻求与各国发展战略进行有效对接。中国驻哈萨克斯坦大使张汉晖说，哈萨克斯坦的“光明大道”计划与丝绸之路经济带构想不谋而合，是一种主动的对接。</p><p class=\"text\" style=\"padding: 0px; margin-top: 0px; margin-bottom: 26px; border: 0px; -webkit-font-smoothing: antialiased; font-size: 14px; font-family: 宋体; vertical-align: baseline; line-height: 26px; text-indent: 2em; white-space: normal;\">丝绸之路经济带建设与俄主导的欧亚大通道建设以及欧亚经济一体化进程并行不悖、相辅相成。对此，俄罗斯现代发展学院财经教研室负责人马斯列尼科夫说，俄幅员辽阔，地理环境复杂，交通基础设施比较陈旧，严重制约俄经济发展和结构转型，俄倡导的欧亚大通道建设目的在于改善境内的基础设施。丝绸之路经济带有利于俄远东地区的基础设施建设，俄罗斯需要与中国加强在该框架下的合作。</p><p class=\"text\" style=\"padding: 0px; margin-top: 0px; margin-bottom: 26px; border: 0px; -webkit-font-smoothing: antialiased; font-size: 14px; font-family: 宋体; vertical-align: baseline; line-height: 26px; text-indent: 2em; white-space: normal;\">李自国认为，中俄双方应努力推动丝绸之路经济带建设与欧亚大通道建设以及欧亚经济联盟对接，加快发展跨境交通基础设施建设，并在制药、化工、木材加工等领域实施联合生产。</p><p class=\"text\" style=\"padding: 0px; margin-top: 0px; margin-bottom: 26px; border: 0px; -webkit-font-smoothing: antialiased; font-size: 14px; font-family: 宋体; vertical-align: baseline; line-height: 26px; text-indent: 2em; white-space: normal;\">作为一个开放的泛经济合作平台，丝绸之路经济带将成为欧亚经济联盟与亚太经济圈相连接的桥梁，为欧亚经济一体化进程注入新活力。</p><p class=\"text\" style=\"padding: 0px; margin-top: 0px; margin-bottom: 26px; border: 0px; -webkit-font-smoothing: antialiased; font-size: 14px; font-family: 宋体; vertical-align: baseline; line-height: 26px; text-indent: 2em; white-space: normal;\">缅怀历史，维护和平，推动合作，共谋发展。习主席此次欧亚之行必将为和平与发展的时代潮流增添正能量，为丝绸之路经济带建设注入新动力，为地区合作发展开辟新前景。（完）（新华社北京5月4日电特稿 新华社记者孙萍 参与记者：吴刚、苗壮）</p><p><br/></p>', '0', null, '1', '0', '11', '1', '1');
